Company,Investor
Bytedance,Sequoia Capital China
Bytedance,SIG Asia Investments
Bytedance,Sina Weibo
Bytedance,Softbank Group
SpaceX,Founders Fund
SpaceX,Draper Fisher Jurvetson
SpaceX,Rothenberg Ventures
SHEIN,Tiger Global Management
SHEIN,Sequoia Capital China
SHEIN,Shunwei Capital Partners
Stripe,Khosla Ventures
Stripe,LowercaseCapital
Stripe,capitalG
Klarna,Institutional Venture Partners
Klarna,Sequoia Capital
Klarna,General Atlantic
Canva,Sequoia Capital China
Canva,Blackbird Ventures
Canva,Matrix Partners
Checkout.com,Tiger Global Management
Checkout.com,Insight Partners
Checkout.com,DST Global
Instacart,Khosla Ventures
Instacart,Kleiner Perkins Caufield & Byers
Instacart,Collaborative Fund
JUUL Labs,Tiger Global Management
Databricks,Andreessen Horowitz
Databricks,New Enterprise Associates
Databricks,Battery Ventures
Revolut,index Ventures
Revolut,DST Global
Revolut,Ribbit Capital
Epic Games,Tencent Holdings
Epic Games,KKR
Epic Games,Smash Ventures
FTX,Sequoia Capital
FTX,Thoma Bravo
FTX,Softbank
Fanatics,SoftBank Group
Fanatics,Andreessen Horowitz
Fanatics,Temasek Holdings
Chime,Forerunner Ventures
Chime,Crosslink Capital
Chime,Homebrew
BYJU's,Tencent Holdings
BYJU's,Lightspeed India Partners
BYJU's,Sequoia Capital India
J&T Express,Hillhouse Capital Management
J&T Express,Boyu Capital
J&T Express,Sequoia Capital China
Xiaohongshu,GGV Capital
Xiaohongshu,ZhenFund
Xiaohongshu,Tencent
Miro,Accel
Miro,AltaIR Capital
Miro,Technology Crossover Ventures
Yuanfudao,Tencent Holdings
Yuanfudao,Warbug Pincus
Yuanfudao,IDG Capital
Rapyd,Target Global
Rapyd,General Catalyst
Rapyd,Durable Capital Partners
Discord,Benchmark
Discord,Greylock Partners
Discord,Tencent Holdings
Genki Forest,Sequoia Capital China
Genki Forest,Longfor Capitalm
Genki Forest,Gaorong Capital
goPuff,Accel
goPuff,Softbank Group
goPuff,Anthos Capital
Blockchain.com,Lightspeed Venture Partners
Blockchain.com,Google Ventures
Blockchain.com,Lakestar
Plaid,New Enterprise Associates
Plaid,Spar Capital
Plaid,Index Ventures
Devoted Health,Andreessen Horowitz
Devoted Health,F-Prime Capital
Devoted Health,Venrock
OpenSea,Andreessen Horowitz
OpenSea,Thirty Five Ventures
OpenSea,Sound Ventures
Grammarly,General Catalyst
Grammarly,Institutional Venture Partners
Grammarly,Breyer Capital
Argo AI,Volkswagen Group
Argo AI,Ford Autonomous Vehicles
Northvolt,Vattenfall
Northvolt,Volkswagen Group
Northvolt,Goldman Sachs
Faire,Khosla Ventures
Faire,Forerunner Ventures
Faire,Sequoia Capital
Airtable,Caffeinated Capital
Airtable,CRV
Airtable,Founder Collective
Brex,DST Global
Brex,Ribbit Capital
Brex,Greenoaks Capital Management
Getir,Tiger Global Management
Getir,Sequoia Capital
Getir,Revo Capital
Biosplice Therapeutics,Vickers Venture Partners
Biosplice Therapeutics,IKEA GreenTech
Bitmain,Coatue Management
Bitmain,Sequoia Capital China
Bitmain,IDG Capital
GoodLeap,New Enterprise Associates
GoodLeap,BDT Capital Partners
GoodLeap,Davidson Kempner Capital Management
Xingsheng Selected,KKR
Xingsheng Selected,Tencent Holdings
Xingsheng Selected,Sequoia Capital China
ZongMu Technology,LTW Capital
ZongMu Technology,Legend Capital
ZongMu Technology,Qualcomm Ventures
Bolt,Didi Chuxing
Bolt,Diamler
Bolt,TMT Investments
Swiggy,Accel India
Swiggy,SAIF Partners
Swiggy,Norwest Venture Partners
Weilong Foods,Tencent Holdings
Weilong Foods,Hillhouse Capital Management
Weilong Foods,Yunfeng Capital
Global Switch,Aviation Industry Corporation of China
Global Switch,Essence Financial
Global Switch,Jiangsu Sha Steel Group
Bolt,Activant Capital
Bolt,Tribe Capital
Bolt,General Atlantic
Celonis,Accel
Celonis,83North
Zuoyebang,Sequoia Capital China
Zuoyebang,Xiang He Capital
Zuoyebang,GGV Capital
Ripple,IDG Capital
Ripple,Venture51
Ripple,Lightspeed Venture Partners
OYO Rooms,SoftBank Group
OYO Rooms,Sequoia Capital India
OYO Rooms,Lightspeed India Partners
OutSystems,KKR
OutSystems,ES Ventures
OutSystems,North Bridge Growth Equity
ServiceTitan,Bessemer Venture Partners
ServiceTitan,ICONIQ Capital
ServiceTitan,Battery Ventures
Alchemy,DFJ Growth Fund
Alchemy,Coatue Management
Alchemy,Addition
Chehaoduo,Sequoia Capital China
Chehaoduo,GX Capital
Digital Currency Group,Ribbit Capital
Digital Currency Group,capitalG
Digital Currency Group,Softbank Group
Figma,Index Ventures
Figma,Greylock Partners
Figma,Kleiner Perkins Caufield & Byers
Gusto,General Catalyst Partners
Gusto,Google Ventures
Gusto,Kleiner Perkins Caufield & Byers
Lalamove,MindWorks Ventures
Lalamove,Shunwei Capital Partners
Lalamove,Xiang He Capital
Notion Labs,Index Ventures
Notion Labs,Draft Ventures
Notion Labs,Felicis Ventures
reddit,Y Combinator
reddit,Sequoia Capital
reddit,Coatue Management
Talkdesk,DJF
Talkdesk,Salesforce Ventures
Talkdesk,Storm Ventures
Thrasio,Upper90
Thrasio,RiverPark Ventures
Thrasio,Advent International
Dunamu,Qualcomm Ventures
Dunamu,Woori Investment
Dunamu,Hanwha Investment & Securities
Yanolja,SBI Investment Korea
Yanolja,Partners Investment
Yanolja,GIC
Pony.ai,Sequoia Capital China
Pony.ai,IDG Capital
Pony.ai,DCM Ventures
Nuro,SoftBank Group
Nuro,Greylock Partners
Nuro,Gaorong Capital
Snyk,BOLDstart Ventures
Snyk,Google Ventures
Snyk,Accel
Kavak,DST Global
Kavak,SoftBank Group
Kavak,Mountain Nazca
N26,Redalpine Venture Partners
N26,Earlybird Venture Capital
N26,Valar Ventures
Klaviyo,Summit Partners
Klaviyo,Accel
Klaviyo,Astral Capital
Niantic,Nintendo
Niantic,Google
Niantic,Pokemon Company International
Niantic,Spark Capital
Tanium,Andreessen Horowitz
Tanium,Nor-Cal Invest
Tanium,TPG Growth
Dream11,Kaalari Capital
Dream11,Tencent Holdings
Dream11,Steadview Capital
DJI Innovations,Accel Partners
DJI Innovations,Sequoia Capital
Netskope,Lightspeed Venture Partners
Netskope,Social Capital
Netskope,Accel
Razorpay,Sequoia Capital India
Razorpay,Tiger Global Management
Razorpay,Matrix Partners India
Dapper Labs,Union Square Ventures
Dapper Labs,Venrock
Dapper Labs,Andreessen Horowitz
Lacework,Sutter Hill Ventures
Lacework,Liberty Global Ventures
Lacework,Coatue Management
Tipalti,01 Advisors
Tipalti,Zeev Ventures
Tipalti,Group 11
Hopin,Accel
Hopin,Northzone Ventures
Hopin,Institutional Venture Partners
Caris Life Sciences,Sixth Street Partners
Caris Life Sciences,OrbiMed Advisors
Caris Life Sciences,Highland Capital Management
Ramp,D1 Capital Partners
Ramp,Stripe
Ramp,Coatue Management
Tempus,New Enterprise Associates
Tempus,T. Rowe Associates
Tempus,Lightbank
Fireblocks,Tenaya Capital
Fireblocks,Coatue Management
Fireblocks,Stripes Group
Flexport,Bloomberg Beta
Flexport,Founders Fund
Flexport,First Round Capital
National Stock Exchange of India,TA Associates
National Stock Exchange of India,SoftBank Group
National Stock Exchange of India,GS Growth
Meicai,Tiger Global Management
Meicai,Blue Lake Capital
Meicai,ZhenFund
Impossible Foods,Khosla Ventures
Impossible Foods,Horizons Ventures
Impossible Foods,Temasek Holdings
CRED,Tiger Global Management
CRED,DST Global
CRED,Sequoia Capital India
Attentive,NextView Ventures
Attentive,Eniac Ventures
Attentive,Sequoia Capital
Ola Cabs,Accel Partners
Ola Cabs,SoftBank Group
Ola Cabs,Sequoia Capital
Rippling,Initialized Capital
Rippling,Y Combinator
Rippling,Kleiner Perkins Caufield & Byers
Carta,Menlo Ventures
Carta,Spark Capital
Carta,Union Square Ventures
Toss,Bessemer Venture Partners
Toss,Qualcomm Ventures
Toss,Kleiner Perkins Caufield & Byers
Ziroom,Sequoia Capital China
Ziroom,Warburg Pincus
Ziroom,General Catalyst
Scale AI,Accel
Scale AI,Y Combinator
Scale AI,Index Ventures
Gong,Norwest Venture Partners
Gong,Next World Capital
Gong,Wing Venture Capital
TripActions,Andreessen Horowitz
TripActions,Lightspeed Venture Partners
TripActions,Zeev Ventures
1Password,Slack Fund
1Password,Accel
1Password,Skip Capital
Automation Anywhere,General Atlantic
Automation Anywhere,Goldman Sachs
Automation Anywhere,New Enterprise Associates
Gemini,Morgan Creek Digital
Gemini,Marcy Venture Partners
Gemini,10T Fund
ConsenSys,Third Point
ConsenSys,Electric Capital
ConsenSys,Coinbase Ventures
Ro,Initialized Capital
Ro,General Catalyst
Ro,SignalFire
Black Unicorn Factory,Barter Ventures
Easyhome,Alibaba Group
Easyhome,Boyu Capital
Easyhome,Borui Capital
WeDoctor,Tencent
WeDoctor,Morningside Group
SVOLT,IDG Capital
SVOLT,Bank Of China Group Investment
SVOLT,SDIC CMC Investment Management
Airwallex,DST Global
Airwallex,Sequoia Capital China
Airwallex,Tencent Holdings
Deel,Andreessen Horowitz
Deel,Spark Capital
Deel,Y Combinator
Mambu,Runa Capital
Mambu,Acton Capital Partners
Mambu,Point Nine Capital
Mollie,Technology Crossover Ventures
Doctolib,BPI France
Doctolib,Kerala Ventures
Doctolib,Accel
FiveTran,Matrix Partners
FiveTran,Andreessen Horowitz
FiveTran,General Catalyst
Postman,Nexus Venture Partners
Postman,CRV
Postman,Insight Partners
Back Market,Aglae Ventures
Back Market,Eurazeo
Back Market,Daphni
Cityblock Health,Thrive Capital
Cityblock Health,Maverick Ventures
Cityblock Health,Redpoint Ventures
DataRobot,New Enterprise Associates
DataRobot,Accomplice
DataRobot,IA Ventures
Personio,Global Founders Capital
Personio,Nortzone Ventures
Personio,Picus Capital
RELEX Solutions,Blackstone
RELEX Solutions,Technology Crossover Ventures
RELEX Solutions,Summit Partners
Vice Media,Technology Crossover Ventures
Vice Media,A&E Television Networks
Workato,Battery Ventures
Workato,Storm Ventures
Workato,Redpoint Ventures
Upgrade,Union Square Ventures
Upgrade,Ribbit Capital
Upgrade,VY Capital
Lianjia,Tencent
Lianjia,Baidu
Lianjia,Huasheng Capital
Hinge Health,Atomico
Hinge Health,Insight Partners
Hinge Health,Coatue Management
Lyra Health,Greylock Partners
Lyra Health,Venrock
Lyra Health,Providence Ventures
Benchling,Thrive Capital
Benchling,Benchmark
Benchling,MenloVentures
Better.com,Pine Brook
Better.com,American Express Ventures
Better.com,Kleiner Perkins Caufield & Byers
iCapital Network,BlackRock
iCapital Network,Blackstone
iCapital Network,UBS
Wiz,Insight Partners
Wiz,Sequoia Capital
Wiz,Index Ventures
DailyHunt,Falcon Edge Capital
DailyHunt,Omidyar Network
DailyHunt,Sequoia Capital India
Howden Group Holdings,General Atlantic
Howden Group Holdings,3i Group
Howden Group Holdings,Huagai Capital
Meesho,Venture Highway
Meesho,Sequoia Capital India
Meesho,Prosus Ventures
Meizu Technology,Telling Telecommunication Holding Co.
Meizu Technology,Alibaba Group
CloudWalk Technology,Oriza Holdings
CloudWalk Technology,Guangdong Technology Financial Group
Royole Corporation,Warmsun Holding
Royole Corporation,IDG Capital Partners
Monzo,Passion Capital
Monzo,Thrive Capital
Monzo,Orange Digital Ventures
Socure,Two Sigma Ventures
Socure,Flint Capital
Socure,Commerce Ventures
VIPKid,Sequoia Capital China
VIPKid,Tencent Holdings
VIPKid,Sinovation Ventures
Vinted,Accel
Vinted,Insight Partners
Vinted,Burda Principal Investments
Lendable,Ontario Teachers' Pension Plan
Lendable,Goldman Sachs
UBTECH Robotics,CDH Investments
UBTECH Robotics,Goldstone Investments
UBTECH Robotics,Qiming Venture Partners
Anduril,Andreessen Horowitz
Anduril,Founders Fund
Anduril,Revolution Ventures
Checkr,Y Combinator
Checkr,Accel
Checkr,T. Rowe Price
Color,General Catalyst
Color,Viking Global Investors
Color,T. Rowe Price
Dataiku,Alven Capital
Dataiku,FirstMark Capital
Dataiku,capitalG
BetterUp,Threshold Ventures
BetterUp,Lightspeed Venture Partners
BetterUp,Crosslink Capital
Pleo,Creandum
Pleo,Founders
Pleo,Kinnevik
Trade Republic,Founders Fund
Trade Republic,Accel
Trade Republic,Creandum
Chipone,China Grand Prosperity Investment
Chipone,Silk Road Huacheng
Chipone,Oriza Equity Investment
Collibra,Index Ventures
Collibra,Battery Ventures
Collibra,ICONIQ Capital
Rappi,DST Global
Rappi,Andreessen Horowitz
Rappi,Sequoia Capital
Rappi,Redpoint e.ventures
6Sense,Venrock
6Sense,Battery Ventures
6Sense,Insight Partners
Cerebral,Oak HC/FT Partners
Cerebral,Artis Ventures
Cerebral,WestCap Group
Creditas,Kaszek Ventures
Creditas,Amadeus Capital Partners
Creditas,Quona Capital
OneTrust,Insight Partners
QuintoAndar,Kaszek Ventures
QuintoAndar,General Atlantic
QuintoAndar,SoftBank Group
C6 Bank,Credit Suisse
Cockroach Labs,Google Ventures
Cockroach Labs,Benchmark
Cockroach Labs,FirstMark Capital
Hopper,Capital One Growth Ventures
Hopper,Citi Ventures
Hopper,OMERS Ventures
Icertis,Eight Roads Ventures
Icertis,Greycroft
Icertis,Ignition Partners
Moon Active,Insight Partners
Moon Active,Andalusian Capital Partners
OfBusiness,Matrix Partners India
OfBusiness,Falcon Edge Capital
OfBusiness,SoftBank Group
Ola Electric Mobility,SoftBank Group
Ola Electric Mobility,Tiger Global Management
Ola Electric Mobility,Matrix Partners India
Pine Labs,Sequoia Capital India
Pine Labs,Temasek
Pine Labs,PayPal Ventures
Qonto,Alven Capital
Qonto,Valar Ventures
Qonto,Tencent Holdings
SambaNova Systems,Walden International
SambaNova Systems,Google Ventures
SambaNova Systems,Intel Capital
United Imaging Healthcare,China Life Insurance
United Imaging Healthcare,China Development Bank Capital
United Imaging Healthcare,CITIC Securities International
WM Motor,Baidu Capital
WM Motor,Linear Venture
WM Motor,Tencent
ZEPZ,Accel
ZEPZ,Technology Crossover Ventures
ZEPZ,LeapFrog Investments
Abogen,Hillhouse Capital Management
Abogen,SoftBank Group
Abogen,Qiming Venture Partners
Greensill,SoftBank Group
Greensill,General Atlantic
HyalRoute,Kuang-Chi
Radiology Partners,New Enterprise Associates
Radiology Partners,Starr Investment Holdings
Yello Mobile,Formation 8
Turing,Foundation Capital
Turing,Frontier Ventures
Turing,AltaIR Capital
Lenskart,Chiratae Ventures
Lenskart,PremjiInvest
Lenskart,Softbank
Kraken,Bnk To The Future
Kraken,Trammell Ventures
Kraken,SBI Investment
Horizon Robotics,Hillhouse Capital Management
Horizon Robotics,Linear Venture
Horizon Robotics,Morningside Venture Capital
MoonPay,New Enterprise Associates
MoonPay,Coatue Management
MoonPay,Tiger Global Management
Celsius Network,WestCap Group
Celsius Network,Caisse de depot et placement du Quebec
ChargeBee Technologies,Insight Partners
ChargeBee Technologies,Tiger Global Management
ChargeBee Technologies,Accel
Coalition,Two Sigma Ventures
Coalition,Flint Capital
Coalition,Commerce Ventures
Commure,General Catalyst
Commure,HCA Healthcare
Flock Safety,Matrix Partners
Flock Safety,Initialized Capital
Flock Safety,Tiger Global Management
Handshake,Kleiner Perkins Caufield & Byers
Handshake,Lightspeed Venture Partners
Handshake,True Ventures
Highspot,Madrona Venture Group
Highspot,Shasta Ventures
Highspot,Salesforce Ventures
Indigo Ag,Activant Capital Group
Indigo Ag,Alaska Permanent Fund
Indigo Ag,Baillie Gifford & Co.
Mirakl,Elaia Partners
Mirakl,83North
Mirakl,Felix Capital
Rec Room,First Round Capital
Rec Room,Sequoia Capital
Rec Room,Index Ventures
Tekion,Airbus Ventures
Tekion,Index Ventures
Tekion,Advent International
Otto Bock HealthCare,EQT Partners
Outreach,Mayfield Fund
Outreach,M12
Outreach,Trinity Ventures
WeRide,Atop Capital
WeRide,IDInvest Partners
WeRide,Qiming Venture Partners
Applied Intuition,Andreessen Horowitz
Applied Intuition,Lux Capital
Applied Intuition,General Catalyst
Course Hero,NewView Capital
Course Hero,Maveron
Course Hero,Ridge Ventures
Relativity,Silver Lake
Relativity,ICONIQ Capital
Whoop,NextView Ventures
Whoop,Promus Ventures
Whoop,Two Sigma Ventures
Arctic Wolf Networks,Lightspeed Venture Partners
Arctic Wolf Networks,Redpoint Ventures
Arctic Wolf Networks,Viking Global Investors
GOAT,Upfront Ventures
GOAT,Webb Investment Network
GOAT,D1 Capital Partners
Noom,Qualcomm Ventures
Noom,Samsung Ventures
Noom,Silver Lake
Papaya Global,Bessemer Venture Partners
Papaya Global,Insight Partners
Papaya Global,New Era Ventures
Redwood Materials,Breakthrough Energy Ventures
Redwood Materials,Capricorn Investment Group
Redwood Materials,Valor Equity Partners
ShareChat,India Quotient
ShareChat,Elevation Capital
ShareChat,Lightspeed Venture Partners
Sorare,Benchmark
Sorare,Accel
Sorare,SoftBank Group
VAST Data,Norwest Venture Partners
VAST Data,Goldman Sachs
VAST Data,Dell Technologies Capital
Articulate,Blackstone
Articulate,ICONIQ Growth
Articulate,General Atlantic
Dutchie,Casa Verde Capital
Dutchie,Gron Ventures
Dutchie,Thrity Five Ventures
FalconX,Tiger Global Management
FalconX,American Express Ventures
FalconX,B Capital Group
Guild Education,General Atlantic
Guild Education,Blackstone
Guild Education,ICONIQ Growth
Chainalysis,Addition
Chainalysis,Benhcmark
Chainalysis,Accel
dbt Labs,Andreessen Horowitz
dbt Labs,Amplify Partners
dbt Labs,Sequoia Capital
Globalization Partners,Vista Equity Partners
Globalization Partners,Wincove
Globalization Partners,TDR Capital
Intarcia Therapeutics,New Enterprise Associates
Intarcia Therapeutics,New Leaf Venture Partners
Intarcia Therapeutics,Charter Venture Capital
Relativity Space,Playground Global
Relativity Space,Bond
Relativity Space,Tribe Capital
StockX,Google Ventures
StockX,Battery Ventures
StockX,DST Global
ThoughtSpot,Lightspeed Venture Partners
ThoughtSpot,Khosla Ventures
ThoughtSpot,Geodesic Capital
SSENSE,Sequoia Capital
BitPanda,Speedinvest
BitPanda,Valar Ventures
BitPanda,Uniqa Ventures
Dataminr,Venrock
Dataminr,Institutional Venture Partners
Dataminr,Goldman Sachs
Weee!,Goodwater Capital
Weee!,iFly
Weee!,XVC Venture Capital
Medlinker,China Health Industry Investment Fund
Medlinker,China Renaissance
Medlinker,and Sequoia Capital China
Hozon Auto,HD Capital
Hozon Auto,Qihoo 360 Technology
Hozon Auto,China Fortune Land Development
Aurora Solar,Fifth Wall Ventures
Aurora Solar,Energize Ventures
Aurora Solar,ICONIQ Capital
Branch,New Enterprise Associates
Branch,Pear
Branch,Cowboy Ventures
BrowserStack,Accel
BrowserStack,Insight Partners
BrowserStack,Bond Capital
Cerebras Systems,Benchmark
Cerebras Systems,Foundation Capital
Cerebras Systems,Sequoia Capital
ClickUp,Georgian Partners
ClickUp,Craft Ventures
Clubhouse,Andreessen Horowitz
Clubhouse,TQ Ventures
Farmers Business Network,Blackrock
Farmers Business Network,Kleiner Perkins Caulfield & Byers
Farmers Business Network,Google Ventures
Houzz,New Enterprise Associates
Houzz,Sequoia Capital
Houzz,Comcast Ventures
MEGVII,Ant Financial Services Group
MEGVII,Russia-China Investment Fund
MEGVII,Foxconn Technology Company
Melio,Accel
Melio,Aleph
Melio,American Express Ventures
Next Insurance,Zeev Ventures
Next Insurance,Ribbit Capital
Next Insurance,TLV Partners
Olive,Drive Capital
Olive,General Catalyst
Olive,Ascension Ventures
Patreon,Index Ventures
Patreon,Thrive Capital
Patreon,CRV
PointClickCare,Dragoneer Investment Group
PointClickCare,Hellman & Friedman
PointClickCare,JMI Equity
Rubrik,Greylock Partners
Rubrik,Lightspeed Venture Partners
Rubrik,Khosla Ventures
Vuori,SoftBank Group
Vuori,Norwest Venture Partners
Webflow,Accel
Webflow,Silversmith Capital Partners
Webflow,capitalG
Yuga Labs,Andreessen Horowitz
Yuga Labs,Thrive Capital
Yuga Labs,Sound Ventures
Zapier,Sequoia Capital
Zapier,Bessemer Venture Partners
Zapier,Threshold Ventures
Dadi Cinema,Alibaba Pictures Group
Kurly,Sequoia Capital China
Kurly,DST Global
Kurly,DST Global
Moglix,Jungle Ventures
Moglix,Accel
Moglix,Venture Highway
OpenAI,Khosla Ventures
Upstox,Tiger Global Management
Upstox,Kalaari Capital
Vista Global,Rhone Capital
Yixia,Sequoia Capital China
Yixia,Sina Weibo
Yixia,Kleiner Perkins Caufield & Byers
Yixia,Redpoint Ventures
Automattic,Insight Venture Partners
Automattic,Lowercase Capital
Automattic,Polaris Partners
OakNorth Bank,Clermont Group
OakNorth Bank,Coltrane Asset Management
OakNorth Bank,Toscafund Asset Management
Worldcoin,Day One Ventures
Worldcoin,Coinbase Ventures
Worldcoin,Andreessen Horowitz
Hive Box,Eastern Bell Capital
Hive Box,SF Holding Co
Hive Box,STO Express
Trax,Hopu Investment Management
Trax,Boyu Capital
Trax,DC Thomson Ventures
MessageBird,Y Combinator
MessageBird,Atomico
MessageBird,Accel
Cohesity,SoftBank Group
Cohesity,Sequoia Capital
Cohesity,Wing Venture Capital
Cybereason,SoftBank Group
Cybereason,CRV
Cybereason,Spark Capital
A24 Films,Stripes Group
A24 Films,Neuberger Berman
Acronis,Goldman Sachs
Acronis,VebVentures
Acronis,Insight Partners
Aura,Warburg Pincus
Aura,General Catalyst
BYTON,FAW Group
BYTON,Tencent Holdings
BYTON,Tus Holdings
Cato Networks,Aspect Ventures
Cato Networks,SingTel Innov8
Cato Networks,Greylock Partners
Digit Insurance,Fairfax Financial Holdings
Digit Insurance,A91 Partners
Digit Insurance,TVS Capital
Fetch Rewards,Greycroft
Fetch Rewards,Loeb.NYC
Fetch Rewards,DST Global
Games24x7,Tiger Global Management
Games24x7,The Raine Group
Games24x7,Malabar Investments
GoStudent,DN Capital
GoStudent,Left Lane Capital
GoStudent,Coatue Management
Immutable,Fabric Ventures
Immutable,AirTree Ventures
Immutable,Temasek
Infra.Market,Accel
Infra.Market,Tiger Global Management
Infra.Market,Nexus Venture Partners
Side,Coatue Managemeny
Side,Trinity Ventures
Side,Matrix Partners
SiFive,Sutter Hill Ventures
SiFive,Osage University Partners
SiFive,Spark Capital
Somatus,The Blue Venture Fund
Somatus,Flare Capital Partners
Somatus,Longitude Capital
Sysdig,Accel
Sysdig,Bain Capital Ventures
Sysdig,Insight Partners
Uniphore,Chiratae Ventures
Uniphore,March Capital Partners
Uniphore,National Grid Partners
Varo Bank,Warburg Pincus
Varo Bank,The Rise Fund
Varo Bank,HarbourVest Partners
Vercel,CRV
Vercel,Accel
Vercel,Google Ventures
Oura,Forerunner Ventures
Oura,Lifeline Ventures
Oura,MSD Capital
Unacademy,Blume Ventures
Unacademy,Nexus Venture Partners
Unacademy,Sequoia Capital India
Axonius,Vertex Ventures Israel
Axonius,Bessemer Venture Partners
Axonius,Emerge
Clari,Sequoia Capital
Clari,Bain Capital Ventures
Clari,enaya Capital
ManoMano,General Atlantic
ManoMano,Piton Capital
ManoMano,Partech Partners
Pendo,Contour Venture Partners
Pendo,Battery Ventures
Pendo,Core Capital Partners
Plume,Insight Partners
Plume,Jackson Square Ventures
Plume,Liberty Gloval Ventures
JumpCloud,Foundry Group
JumpCloud,General Atlantic
JumpCloud,BlackRock
Project44,Emergence Capital Partners
Project44,8VC
Project44,Chicago Ventures
Sourcegraph,Redpoint Ventures
Sourcegraph,Goldcrest Capital
Sourcegraph,Insight Partners
OwnBackup,Insight Partners
OwnBackup,Salesforce Ventures
OwnBackup,Vertex Ventures
Starburst,Index Ventures
Starburst,Coatue Management
Starburst,Andreessen Horowitz
Youxia Motors,China Environmental Protection Industry
Youxia Motors,China Fortune Ocean
Zetwerk,Sequoia Capital India
Zetwerk,Kae Capital
Zetwerk,Accel
Cars24,Moore Strategic Ventures
Cars24,DST Global
Cars24,Sequoia Capital India
Ethos,Sequoia Capital
Ethos,Google Ventures
Ethos,Accel
Komodo Health,Andreessen Horowitz
Komodo Health,IA Ventures
Komodo Health,Felicis Ventures
Nextiva,Goldman Sachs Asset Management
o9 Solutions,KKR
Scopely,Greycroft
Scopely,Sands Capital
Scopely,Revolution Growth
Sila Nanotechnologies,Bessemer Venture Partners
Sila Nanotechnologies,Sutter Hill Ventures
Sila Nanotechnologies,Matrix Partners
Via,83North
Via,RiverPark Ventures
Via,Pitango Venture Capital
Transmit Security,General Atlantic
Transmit Security,Insight Partners
Transmit Security,Vintage Investment Partners
BlockDaemon,BOLDstart Ventures
BlockDaemon,Lerer Hippeau
BlockDaemon,Kenetic Capital
Convoy,Greylock Partners
Convoy,capitalG
Convoy,Y Combinator
Dream Games,Makers Fund
Dream Games,Index Ventures
Dream Games,Inova Ventures Participacees
Illumio,Data Collective
Illumio,Formation 8
Illumio,General Catalyst Partners
MasterClass,Institutional Venture Partners
MasterClass,New Enterprise Associates
MasterClass,Javelin Venture Partners
Graphcore,Dell Technologies Capital
Graphcore,Pitango Venture Capital
Graphcore,Amadeus Capital Partners
ApplyBoard,Artiman Ventures
ApplyBoard,Plug and Play Ventures
ApplyBoard,Anthos Capital
Blockstream,AME Cloud Ventures
Blockstream,Future Perfect Ventures
Blockstream,Blockchain Capital
Cedar,Thrive Capital
Cedar,Founders Fund
Cedar,Cocnord Health Partners
ContentSquare,Highland Europe
ContentSquare,Eurazeo
ContentSquare,Canaan Partners
Eruditus Executive Education,Sequoia Capital India
Eruditus Executive Education,Softbank
Eruditus Executive Education,Bertelsmann India Investments
Innovaccer,M12
Innovaccer,WestBridge Capital
Innovaccer,Lightspeed Venture Partners
Ironclad,Accel
Ironclad,Sequoia Capital
Ironclad,Y Combinator
Skims,Thrive Capital
Skims,Alliance Consumer Growth
Skims,Imaginary Ventures
Thumbtack,Tiger Global
Thumbtack,Sequoia Capital
Thumbtack,Google Capital
Zipline,Sequoia Capital
Zipline,Baillie Gifford & Co.
Zipline,Google Ventures
BharatPe,Insight Partners
BharatPe,Sequoia Capital India
BharatPe,BEENEXT
DriveWealth,Point72 Ventures
DriveWealth,Route 66 Ventures
DriveWealth,Accel
Flink Food,Mubadala Capital
Flink Food,Bond
Flink Food,Prosus Ventures
PsiQuantum,Playground Global
PsiQuantum,M12
PsiQuantum,BlackRock
SpotOn,Dragoneer Investment Group
SpotOn,DST Global
SpotOn,Franklin Templeton
Gorillas,Coatue Management
Gorillas,Atlantic Food Labs
Gorillas,DST Global
HighRadius,Susquehanna Growth Equity
HighRadius,Citi Ventures
HighRadius,ICONIQ Capital
Loft,Monashees+
Loft,Andreessen Horowitz
Loft,QED Investors
Nuvemshop,Kaszek Ventures
Nuvemshop,Qualcomm Ventures
Nuvemshop,Accel
Udaan,DST Global
Udaan,Lightspeed Venture Partners
Udaan,Microsoft ScaleUp
Workrise,Founders Fund
Workrise,Quantum Energy Partners
Workrise,Bedrock Capital
ActiveCampaign,Silversmith Capital Partners
ActiveCampaign,Susquehanna Growth Equity
ActiveCampaign,Tiger Global Management
Age of Learning,Iconiq Capital
Amber Group,Tiger Global Management
Amber Group,Tiger Brokers
Amber Group,DCM Ventures
Anchorage Digital,Andreessen Horowitz
Anchorage Digital,Blockchain Capital
Anchorage Digital,Lux Capital
BlockFi,ConsenSys Ventures
BlockFi,Valar Ventures
BlockFi,PUC
Calendly,ICONIQ Capital
Calendly,OpenView Venture Partners
Carbon Health,Brookfield Asset Management
Carbon Health,Blackstone
Carbon Health,Data Collective
Circle,General Catalyst
Circle,Digital Currency Group
Circle,Accel
CMR Surgical,Cambridge Innovation Capital
CMR Surgical,LGT Capital Partners
CMR Surgical,Escala Capital
Contentful,Balderton Capital
Contentful,General Catalyst
Contentful,Tiger Global Management
Cross River Bank,Battery Ventures
Cross River Bank,Andreessen Horowitz
Cross River Bank,Ribbit Capital
Delhivery,Times Internet
Delhivery,Nexus Venture Partners
Delhivery,SoftBank Group
FlixBus,Holtzbrinck Ventures
FlixBus,Unternehmertum Venture Capital
FlixBus,General Atlantic
Flutterwave,Green Visor Capital
Flutterwave,CRE Venture Capital
Flutterwave,Greycroft
Forter,Sequoia Capital Israel
Forter,Scale Venture Partners
Forter,Commerce Ventures
Grafana Labs,Lightspeed Venture Partners
Grafana Labs,Lead Edge Capital
Grafana Labs,Coatue Management
Groww,Tiger Global Management
Groww,Sequoia Capital India
Groww,Ribbit Capital
Inxeption,Coatue Management
Inxeption,BMO Capital
Inxeption,Schonfeld Strategic Advisors
KK Group,Matrix Partners China
KK Group,Bright Venture Capita
KK Group,Shenzhen Capital Group
Lattice,Khosla Ventures
Lattice,Thrive Capital
Lattice,Y Combinator
LaunchDarkly,Uncork Capital
LaunchDarkly,Threshold Ventures
LaunchDarkly,Bloomberg Beta
Lucid,Spectrum Equity
Lucid,ICONIQ Capital
Lucid,Grayhawk Capital
Outschool,Uniion Square Ventures
Outschool,Tiger Global Management
Outschool,Lightspeed Venture Capital
Podium,Accel
Podium,Summit Partners
Podium,Google Ventures
Remote,Index Ventures
Remote,Sequoia Capital
Remote,General Catalyst
Seismic,Jackson Square Ventures
Seismic,General Atlantic
Seismic,Lightspeed Venture Partners
Sky Mavis,Fabric Ventures
Sky Mavis,500 Global
Sky Mavis,Standard Crypto
SouChe Holdings,Morningside Ventures
SouChe Holdings,Warburg Pincus
SouChe Holdings,CreditEase Fintech Investment Fund
TradingView,Tiger Global Management
TradingView,Insight Partners
TradingView,Jump Capital
Traveloka,Global Founders Capital
Traveloka,East Ventures
Traveloka,Expedia Inc.
wefox,Salesforce Ventures
wefox,Seedcamp
wefox,OMERS Ventures
Wildlife Studios,Benchmark
Wildlife Studios,Bessemer Venture Partners
1047 Games,VGames
1047 Games,Lakestar
1047 Games,Galaxy Interactive
Baiwang,Guozhong Venture Capital Management
Baiwang,Shenzhen Capital Group
Baiwang,Oriental Fortune Capital
Boba,DeFi Technologies
Boba,Hypersphere Ventures
Boba,M13
Bought By Many,Octopus Ventures
Bought By Many,Munich Re Ventures
Bought By Many,CommerzVentures
Cambridge Mobile Telematics,SoftBank Group
Carzone,Alibaba Group
Carzone,Co-Stone Venture Capital
Carzone,Buhuo Venture Capital
CFGI,The Carlyle Group
CFGI,CVC Capital Partners
Cgtz,Shunwei Capital Partners
Cgtz,China Media Group
Cgtz,Guangzhou Huiyin Aofeng Equity Investment Fund
Changingedu,Trustbridge Partners
Changingedu,IDG Capital
Changingedu,Sequoia Capital China
eDaili,K2VC
eDaili,Lightspeed China Partners
eDaili,Sky9 Capital
ENOVATE,Automobile Industry Guidance Fund
Fenbi Education,Trustbridge Partners
Fenbi Education,Hony Capital
Fenbi Education,IDG Capital
Hesai Tech,Lightspeed China Partners
Hesai Tech,Baidu Ventures
Hesai Tech,Qiming Venture Partners
Il Makiage,L Catterton
Il Makiage,Franklin Templeton
Il Makiage,First Light Capital Group
Iluvatar CoreX,Centurium Capital
Iluvatar CoreX,Cedarlake Capital
Iluvatar CoreX,Unicom Innovation Venture Capital
Jusfoun Big Data,Boxin Capital
Jusfoun Big Data,DT Capital Partners
Jusfoun Big Data,IDG Capital
Pagaya,Oak HC/FT Partners
Pagaya,GF Investments
Pagaya,Harvey Golub Family Office
PolicyBazaar,Info Edge
PolicyBazaar,Softbank Capital
Promasidor Holdings,IFC
Promasidor Holdings,Ajinomoto
Tubatu.com,Sequoia Capital China
Tubatu.com,Matrix Partners China
Tubatu.com,58.com
Ximalaya FM,China Creation Ventures
Ximalaya FM,Sierra Ventures
Ximalaya FM,Xingwang Investment Management
HEYTEA,Sequoia Capital China
HEYTEA,Tencent Investment
HEYTEA,BA Capital
BGL Group,CPP Investment Board
Claroty,Bessemer Venture Partners
Claroty,MoreVC
Claroty,Team8
Improbable,Andreessen Horowitz
Improbable,SoftBank Group
Improbable,Temasek Holdings
InMobi,Kleiner Perkins Caufield & Byers
InMobi,Softbank Corp.
InMobi,Sherpalo Ventures
MindMaze,Hinduja Group
Ninja Van,B Capital Group
Ninja Van,Monk's Hill Ventures
Ninja Van,Dynamic Parcel Distribution
Pantheon Systems,Foundry Group
Pantheon Systems,Scale Venture Partners
Pantheon Systems,SoftBank Group
SellerX,Cherry Ventures
SellerX,Felix Capital
SellerX,83North
AppDirect,Mithril
AppDirect,iNovia Capital
AppDirect,Foundry Group
BrewDog,TSG Consumer Partners
BrewDog,Crowdcube
Enflame,Tencent Holdings
Enflame,Delta Capital
Enflame,Redpoint Ventures China
Tradeshift,Notion Capital
Tradeshift,Scentan Ventures
Tradeshift,Kite Ventures
HeartFlow,BlueCross BlueShield Venture Partners
HeartFlow,US Venture Partners
Extend,GreatPoint Ventures
Extend,Meritech Capital Partners
Extend,PayPal Ventures
Airbyte,Accel
Airbyte,Benchmark
Airbyte,SV Angel
Andela,Spark Capital
Andela,Google Ventures
Andela,CRE Venture Capital
Ascend Money,Ant Group
Ascend Money,Charoen Pokphand Group
Ascend Money,Bow Wave Capital
Athelas,Sequoia Capital
Athelas,General Catalyst
Athelas,Human Capital
Built,Nyca Partners
Built,Index Ventures
Built,Technology Crossover Ventures
candy.com,Insight Partners
candy.com,Softbank Group
candy.com,Connect Ventures
Cognite,Technology Crossover Ventures
Cognite,Accel
Cognite,Aker
CoinList,Accomplice
CoinList,Polychain Capital
CoinList,GoldenTree Asset Management
Collective Health,New Enterprise Associates
Collective Health,Founders Fund
Collective Health,Google Ventures
Culture Amp,Felicis Ventures
Culture Amp,Index Ventures
Culture Amp,Blackbird Ventures
Devo,Insight Partners
Devo,Kibo Ventures
Devo,Bessemer Venture Partners
ElasticRun,Kalaari Capital
ElasticRun,Norwest Venture Partners
ElasticRun,Prosus Ventures
Gett,Volkswagen
Gett,Access Industries
Gett,Vostok New Ventures
ID.me,Moonshots Capital
ID.me,BoxGroup
ID.me,Blu Venture Investors
impact.com,Redpoint Ventures
impact.com,Providence Equity Partners
impact.com,Silversmith Capital Partners
Ledger,Digital Currency Group
Ledger,Draper Esprit
Ledger,Korelya Capital
Lusha,PSG
Lusha,ION Crossover Partners
Matillion,Scale Venture Partners
Matillion,Sapphire Ventures
Matillion,Battery Ventures
MOLOCO,Smilegate Investment
MOLOCO,DSC Investments
MOLOCO,KTB Ventures
Mu Sigma,Sequoia Capital
Mu Sigma,General Atlantic
Next Silicon,Amiti Ventures
Next Silicon,Playground Global
Next Silicon,Aleph
NotCo,Kaszek Ventures
NotCo,SOSV
NotCo,Tiger Global Management
Olist,Redpoint e.ventures
Olist,Valor Capital Group
Olist,SoftBank Latin America Fund
Pacaso,Global Founders Capital
Pacaso,Shea Ventures
Pacaso,Greycroft
Paradox,Brighton Park Capital
Paradox,Blue Cloud Ventures
Paradox,Workday Ventures
Persona,Coatue Management
Persona,Index Ventures
Persona,Founders Fund
SmartRecruiters,Mayfield Fund
SmartRecruiters,Insight Partners
SmartRecruiters,Rembrandt Venture Partners
Snapdocs,Sequoia Capital
Snapdocs,Y Combinator
Snapdocs,F-Prime Capital
Solugen,Fifty Years Fund
Solugen,Refactor Capital
Solugen,Temasek
StoreDot,Samsung Ventures
StoreDot,SingulariTeam
StoreDot,BP Ventures
Strava,Jackson Square Ventures
Strava,Madrone Capital Partners
Strava,Sequoia Capital
Temporal,Amplify Partners
Temporal,Addition
Temporal,Madrona Venture Group
TuJia,GGV Capital
TuJia,QiMing Venture Partnersl
Uplight,Rubicon Technology Partners
Uplight,Max Ventures
Uplight,Inclusive Capital Partners
Veho,General Catalyst
Veho,Origin Ventures
Veho,Fontinalis Partners
Veriff,Accel
Veriff,Institutional Venture Partners
Veriff,Tiger Global Management
Whatnot,Y Combinator
Whatnot,Andreessen Horowitz
Whatnot,Wonder Ventures
Zenoti,Norwest Venture Partners
Zenoti,Accel
Zenoti,Tiger Global Management
Zeta,Sodexo Ventures
Zeta,SoftBank Group
Loom,Kleiner Perkins Caufield & Byers
Loom,Sequoia Capital
Loom,General Catalyst
Mobile Premier League,Sequoia Capital India
Mobile Premier League,RTP Global
Mobile Premier League,Go-Ventures
Uala,Soros Fund Management
Uala,Ribbit Capital
Uala,Monashees+
Wenheyou,Sequoia Capital China
Wenheyou,Warburg Pincus
Wenheyou,IDG Capital
Star Charge,Shunwei Capital Partners
Star Charge,China Media Group
Star Charge,Guangzhou Huiyin Aofeng Equity Investment Fund
ABL Space Systems,T. Rowe Price
ABL Space Systems,Lockheed Martin Ventures
ABL Space Systems,Fidelity Investment
Afiniti,GAM Holding
ASAPP,March Capital Partners
ASAPP,HOF Capital
ASAPP,Emergence Capital Partners
BitSight Technologies,Menlo Ventures
BitSight Technologies,GGV Capital
BitSight Technologies,Flybridge Capital Partners
Cao Cao Mobility,People Electrical Appliance Group China
Cao Cao Mobility,Zhongrong International Trust
Capitolis,Sequoia Capital
Capitolis,Index Ventures
Capitolis,S Capital
Carbon,Google Ventures
Carbon,Sequoia Capital
Carbon,Wakefield Group
Clio,OMERS Private Equity
Clio,T. Rowe Price
Clio,Technology Crossover Ventures
Cresta,Andreessen Horowitz
Cresta,Greylock Partners
Cresta,Sequoia Capital
Exabeam,Norwest Venture Partners
Exabeam,Aspect Ventures
Exabeam,Lightspeed Venture Partners
ezCater,Insight Venture Partners
ezCater,ICONIQ Capital
ezCater,Launchpad Venture Group
HomeLight,Zeev Ventures
HomeLight,Menlo Ventures
HomeLight,Crosslink Capital
HoneyBook,Norwest Venture Partners
HoneyBook,Hillsven Capital
HoneyBook,Aleph
Infinidat,TPG Growth
Infinidat,Goldman Sachs
Mercury,Andreessen Horowitz
Mercury,Coatue Management
Mercury,Clocktower Technology Ventures
Paxos,Liberty City Ventures
Paxos,RRE Ventures
Paxos,Mithril Capital Management
SafetyCulture,Blackbird Ventures
SafetyCulture,IndexVentures
SafetyCulture,Tiger Global Management
SmartHR,BEENEXT
SmartHR,World Innovation Lab
SmartHR,Light Street Capital
Tonal,Mayfield Fund
Tonal,Shasta Ventures
Tonal,L Catterton
Truepill,Initialized Capital
Truepill,Sound Ventures
Truepill,TI Platform Management
Unite Us,Insight Partners
Unite Us,Sequoia Capital
Unite Us,Index Ventures
Verkada,next47
Verkada,First Round Capital
Verkada,Sequoia Capital
Wayflyer,QED Investors
Wayflyer,DST Global
Wayflyer,Left Lane Capital
Zhubajie,Cybernaut Growth Fund
Zhubajie,IDG Capital
Transcarent,Alta Partners
Transcarent,General Catalyst
Transcarent,Jove Equity Partners
Trader Interactive,Carsales
Glossier,Forerunner Ventures
Glossier,Institutional Venture Partners
Glossier,Thrive Capital
Hibob,Bessemer Venture Partners
Hibob,Eight Roads Ventures
Hibob,Battery Ventures
Jobandtalent,Kibo Ventures
Jobandtalent,SoftBank Group
Jobandtalent,Atomico
Optimism,Paradigm
Optimism,Huobi Ventures
Optimism,Andreessen Horowitz
solarisBank,Yabeo Capital
solarisBank,SBI Investment
solarisBank,Vulcan Capital
WEMAKEPRICE,IMM Investment
WEMAKEPRICE,NXC
Alan,Index Ventures
Alan,Temasek
Alan,Portag3 Ventures
Biren Technology,V FUND
Biren Technology,IDG Capital
Biren Technology,Green Pine Capital Partners
Voodoo,Tencent Holdings
Voodoo,Goldman Sachs
Carsome,Gobi Partners
Carsome,500 Startups
Carsome,Ondine Capital
CircleCI,Threshold Ventures
CircleCI,Baseline Ventures
CircleCI,Harrison Metal
DealShare,Alpha Wave Global
DealShare,Matrix Partners India
DealShare,Tiger Global Management
DispatchHealth,Alta Partners
DispatchHealth,Questa Capital
DispatchHealth,Echo Health Venturesl
Dragos,DataTribe
Dragos,Energy Impact Partners
Dragos,AllegisCyber Capital
Gousto,MMC Ventures
Gousto,BGF Ventures
Gousto,Unilever Ventures
H2O.ai,Nexus Venture Partners
H2O.ai,Transamerica Ventures
H2O.ai,Crane Venture Partners
Harness,Menlo Ventures
Harness,Alkeon Capital Management
Harness,Citi Ventures
Harry's,Thrive Capital
Harry's,Tiger Global Management
Harry's,Temasek
PAX,Tao Capital Partners
PAX,Global Asset Capital
PAX,Tiger Global Management
Productboard,Index Ventures
Productboard,Kleiner Perkins Caufield & Byers
Productboard,Bessemer Venture Partners
Reltio,Crosslink Capital
Reltio,.406 Ventures
Reltio,Sapphire Ventures
Spotter,SoftBank Group
Spotter,Access Industries
Spotter,Crossbeam Venture Partners
Vestiaire Collective,Eurazeo
Vestiaire Collective,IDInvest Partners
Vestiaire Collective,Balderton Capital
Wave,Stripe
Wave,Founders Fund
Wave,Partech Partners
ZenBusiness,Greycroft
ZenBusiness,Lerer Hippeau
ZenBusiness,Geekdom Fund
Bowery Farming,Temasek
Bowery Farming,Google Ventures
Bowery Farming,General Catalyst
Greenlight,Relay Ventures
Greenlight,TTV Capital
Greenlight,Canapi Ventures
KeepTruckin,Google Ventures
KeepTruckin,Index Ventures
KeepTruckin,Scale Venture Partners
Odoo,Summit Partners
Odoo,Noshaq
Odoo,Sofinnova Partners
Skydance Media,RedBird Capital Partners
Skydance Media,CJ ENM
Skydance Media,Tencent Holdings
Uptake,Revolution
Uptake,New Enterprise Associates
Uptake,Caterpillar
MoMo,Goodwater Capital
MoMo,Warburg Pincus
MoMo,GS Growth
Algolia,Accel
Algolia,Alven Capital
Algolia,Storm Ventures
Pattern,Knox Lane
Pattern,Ainge Advisory
Pattern,Carlson Private Capital Partners
Spinny,General Catalyst
Spinny,Eleation Capital
Spinny,Avenir Growth Capital
Trulioo,Blumberg Capital
Trulioo,American Express Ventures
Trulioo,BDC Venture Capital
Zume,Softbank Group
Zume,AME Cloud Ventures
Zume,SignalFire
AIWAYS,Jiangsu Sha Steel Group
AIWAYS,Shanghai Puyin Industry
AIWAYS,Funa Yuanchuang Technology
Bitso,Pantera Capital
Bitso,QED Investors
Bitso,Coinbase Ventures
BloomReach,Bain Capital Ventures
BloomReach,Sixth Street Growth
BloomReach,Lightspeed Venture Partners
Current,Expa
Current,QED Investors
Current,Foundation Capital
Dialpad,Andreessen Horowitz
Dialpad,Google Ventures
Dialpad,Section 32
G7 Networks,Eastern Bell Capital 32
G7 Networks,SDIC CMC Investment Management
G7 Networks,Trustbridge Partners
Gympass,General Atlantic
Gympass,SoftBank Group
Gympass,Atomico
MUSINSA,Sequoia Capital
NuCom Group,General Atlantic
Reify Health,Sierra Ventures
Reify Health,Battery Ventures
Reify Health,Asset Management Ventures
Diamond Foundry,Fashion Tech Lab
Diamond Foundry,Fidelity Investments
Diamond Foundry,Vast Ventures
FullStory,Google Ventures
FullStory,Kleiner Perkins Caufield & Byers
FullStory,Stripes Group
Lightricks,Viola Ventures
Lightricks,Insight Partners
Lightricks,ClalTech
Lightricks,Goldman Sachs
Opentrons,SOSV
Opentrons,Khosla Ventures
Opentrons,Lerer Hippeau
ZocDoc,Founders Fund
ZocDoc,Khosla Ventures
ZocDoc,Goldman Sachs
Accelerant,Deer Park Road
Accelerant,Altamont Capital Partners
Accelerant,Eldridge
Huaqin Telecom Technology,Zhangjiang Haocheng Venture Capital
Huaqin Telecom Technology,Walden International
Huaqin Telecom Technology,Intel Capital
Addepar,8VC
Addepar,D1 Capital Partners
Addepar,Sway Ventures
YITU Technology,Sequoia Capital China
YITU Technology,Banyan Capital
CloudWalk,Plug and Play Ventures
CloudWalk,Valor Capital Group
CloudWalk,DST Global
Retool,Sequoia Capital
Volocopter,btov Partners
Volocopter,Geely
Volocopter,Intel Capital
Acorns,e.ventures
Acorns,Bain Capital Ventures
Acorns,Greycroft
Aledade,Venrock
Aledade,CVF Capital Partners
Aledade,ARCH Venture Partners
CoinSwitch Kuber,Tiger Global Management
CoinSwitch Kuber,Sequoia Capital India
CoinSwitch Kuber,Ribbit Capital
ConcertAI,Sixth Street Partners
ConcertAI,Declaration Partners
ConcertAI,Maverick Ventures Israel
Eightfold.ai,Foundation Capital
Eightfold.ai,Institutional Venture Partners
Eightfold.ai,General Catalyst
FirstCry,SoftBank Group
FirstCry,SAIF Partners India
FirstCry,Valiant Capital Partners
Forto,Cherry Ventures
Forto,Northzone Ventures
Forto,Global Founders Capital
GoCardless,Accel
GoCardless,Passion Capital
GoCardless,Balderton Capital
InVision,FirstMark Capital
InVision,Tiger Global Management
InVision,ICONIQ Capital
Jeeves,Tencent Holdings
Jeeves,CRV
Jeeves,Clocktower Technology Ventures
Medable,GSR Ventures
Medable,Sapphire Ventures
Medable,Streamlined Ventures
Moveworks,Lightspeed Venture Partners
Moveworks,Sapphire Ventures
Moveworks,Kleiner Perkins Caufield & Byers
MX Technologies,Point72 Ventures
MX Technologies,Pelion Venture Partners
MX Technologies,Commerce Ventures
PayFit,Accel
PayFit,frst
PayFit,Kima Ventures
ReCharge,ICONIQ Growth
ReCharge,Bain Capital Ventures
ReCharge,Summit Partners
Roofstock,Khosla Ventures
Roofstock,Bain Capital Ventures
Roofstock,Lightspeed Venture Partners
Urban Company,VY Capital
Urban Company,Accel
Urban Company,Elevation Capital
Rokt,Square Peg Capital
Rokt,TDM Growth Partners
Rokt,Tiger Global Management
Starling Bank,JTC Group
Starling Bank,Qatar Investment Authority
Starling Bank,Fidelity Investment
Ankorstore,Global Founders Capital
Ankorstore,Aglae Ventures
Ankorstore,Alven Capital
4Paradigm,Sequoia Capital China
4Paradigm,China Construction Bank
4Paradigm,Bank of China
Advance Intelligence Group,Vision Plus Capital
Advance Intelligence Group,GSR Ventures
Advance Intelligence Group,ZhenFund
Aiven,Institutional Venture Partners
Aiven,Atomico
Aiven,Earlybird Venture Capital
Akulaku,DCM Ventures
Akulaku,IDG Capital
Akulaku,Siam Commercial Bank
Apeel Sciences,Upfront Ventures
Apeel Sciences,Tao Capital Partners
Apeel Sciences,Andreessen Horowitz
AppsFlyer,Magma Venture Partners
AppsFlyer,Pitango Venture Capital
AppsFlyer,Qumra Capital
Avant,RRE Ventures
Avant,Tiger Global
Avant,August Capital
Aviatrix,Ignition Partners
Aviatrix,Formation 8
Aviatrix,CRV
BlaBlaCar,Accel Partners
BlaBlaCar,Index Ventures
BlaBlaCar,Insight Venture Partners
Black Sesame Technologies,Northern Light Venture Capital
Black Sesame Technologies,Xiaomi
Black Sesame Technologies,FutureX Capital
Bunq,Undisclosed
Calm,Insight Venture Partners
Calm,TPG Growth
Calm,Sound Ventures
Chipper Cash,Deciens Capital
Chipper Cash,Bezos Expeditions
Chipper Cash,500 Startups
Clearco,Highland Capital Partners
Clearco,Oak HC/FT Partners
Clearco,Emergence Capital Partners
ClickHouse,Lightspeed Venture Partners
ClickHouse,Almaz Capital Partners
ClickHouse,Altimeter Capital
Clip,Alta Ventures Mexico
Clip,General Atlantic
Clip,SoftBank Group
Cloudinary,Blackstone
Cloudinary,Bessemer Venture Partners
Deliverr,8VC
Deliverr,Activant Capital
Deliverr,GLP Capital Partners
Divvy Homes,Andreessen Horowitz
Divvy Homes,Caffeinated Capital
Divvy Homes,SciFi VC
Dremio,Lightspeed Venture Partners
Dremio,Redpoint Ventures
Dremio,Norwest Venture Partners
Druva,Nexus Venture Partners
Druva,Tenaya Capital
Druva,Sequoia Capital
Everlaw,K9 Ventures
Everlaw,Menlo Ventures
Everlaw,Andreessen Horowitz
Exotec,Breega Capital
Exotec,Iris Capital
Exotec,360 Capital Partners
Formlabs,Pitango Venture Capital
Formlabs,DFJ Growth Fund
Formlabs,Foundry Group
Guoquan Shihui,Tiantu Capital
Guoquan Shihui,CMB International Capital
Guoquan Shihui,Vision Knight Capital
Hive,Tomales Bay Capital
Hive,Bain & Company
Hive,General Catalyst
HuiMin,Zheshang Venture Capital
HuiMin,GP Capital
HuiMin,Western Capital Management
ISN,Blackstone
Iterable,CRV
Iterable,Blue Cloud Ventures
Iterable,Index Ventures
Kajabi,Meritech Capital Partners
Kajabi,Tiger Global Management
Kajabi,Spectrum Equity
Kaseya,Insight Partners
Kaseya,TPG Alternative & Renewable Technologies
Kaseya,Ireland Strategic Investment Fund
Keep,Bertelsmann Asia Investments
Keep,GGV Capital
Keep,Morningside Venture Capital
KRY,Index Ventures
KRY,Creandum
KRY,Accel
Loggi,Qualcomm Ventures
Loggi,SoftBank Group
Loggi,Monashees+
LTK,SoftBank Group
LTK,Maverick Capital
Lunar,SEED Capital
Lunar,Greyhound Capital
Lunar,Socii Capital
Mafengwo,Qiming Venture Partners
Mafengwo,Capital Today
Mafengwo,General Atlantic
Magic Leap,Obvious Ventures
Magic Leap,Qualcomm Ventures
Magic Leap,Andreessen Horowitz
Misfits Market,Accel
Misfits Market,D1 Capita Partners
Misfits Market,Greenoaks Capital Management
Modern Treasury,Benchmark
Modern Treasury,Altimeter Capital
Modern Treasury,Quiet Capital
MURAL,Insight Partners
MURAL,Tiger Global Management
MURAL,Gradient Ventures
Mynt,Insight Partners
Mynt,Warburg Pincus
Mynt,Ayala Corporation
Neo4j,Eight Roads Ventures
Neo4j,One Peak Partners
Neo4j,Creandum
Netlify,Andreessen Horowitz
Netlify,Kleiner Perkins Caufield & Byers
Netlify,EQT Ventures
OCSiAl,A&NN
OCSiAl,Rusnano
Opay,Sequoia Capital China
Opay,Source Code Capital
Opay,Redpoint Ventures China
Pipe,next47
Pipe,MaC Venture Capital
Pipe,FinVC
Preferred Networks,Toyota Motor Corporation
Preferred Networks,Mizuho Financial Group
Preferred Networks,FANUC
Quora,Y Combinator
Quora,Matrix Partners
Quora,Benchmark
Redis Labs,Viola Ventures
Redis Labs,Dell Technologies Capital
Redis Labs,Bain Capital Ventures
SmartNews,Japan Post Capital
SmartNews,Globis Capital Partners
SmartNews,Atomico
Spring Health,Rethink Impact
Spring Health,Work-Bench
Spring Health,RRE Ventures
StarkWare,Sequoia Capital
StarkWare,Paradigm
StarkWare,Pantera Capital
SWORD Health,Khosla Ventures
SWORD Health,Green Innovations
SWORD Health,Founders Fund
Tier,Northzone Ventures
Tier,White Star Capital
Tier,Novator Partners
Trendy Group International,L Capital Partners
Unqork,Blackrock
Unqork,capitalG
Unqork,World Lab Innovation
VerbIT,ClalTech
VerbIT,Vertex Ventures
VerbIT,Oryzn Capital
Virta Health,Caffeinated Capital
Virta Health,Obvious Ventures
Virta Health,Venrock
Xinchao Media,JD.com
Xinchao Media,Baidu
Xinchao Media,Vision Plus Capital
Xingyun Group,Matrix Partners China
Xingyun Group,Eastern Bell Capital
Xingyun Group,Hongtai Capital Holdings
XtalPi,Tencent Holdings
XtalPi,5Y Capital
XtalPi,Sequoia Capital China
Zilch,Gauss Ventures
Zilch,Ventura Capital
Zilch,dmg ventures
56PINGTAI,QF Capital
56PINGTAI,QC Capital
56PINGTAI,Unicom Innovation Venture Capital
Alzheon,ARCH Venture Partners
Alzheon,Ally Bridge Group
Aprogen,Lindeman Asia Investment
Aprogen,Nichi-Iko Pharmaceutical
Axtria,Helion Venture Partners
Axtria,Bain Capital Tech Opportunities
Axtria,Sequoia Capital India
Cell C,Blue Label Telecoms
Cell C,Net1 UEPS Technologies
China Cloud,V Star Capital
China Cloud,GF Xinde Investment Management Co.
China Cloud,Haitong Leading Capital Management
CredAvenue,Insight Partners
CredAvenue,B Capital Group
CredAvenue,Lightspeed Venture Partners
DeepBlue Technology,DESUN Capital
DeepBlue Technology,Yunfeng Capital
DeepBlue Technology,Meridian Capital
dMed Biopharmaceutical,Qiming Venture Partners
dMed Biopharmaceutical,Vivo Capital
dMed Biopharmaceutical,Sequoia Capital China
Einride,Temasek
Einride,BUILD Capital Partners
Einride,Northzone Ventures
EQRx,Nextech Invest
EQRx,Casdin Capital
EQRx,Google Ventures
Everly Health,Highland Capital Partners
Everly Health,Next Coast Ventures
Everly Health,SoGal Ventures
Fair,CreditEase Fintech Investment Fund
Fair,BMW i Ventures
Fair,SoftBank Group
Flipboard,Kleiner Perkins Caufield & Byers
Flipboard,Comcast Ventures
Flipboard,Insight Partners
Globality,SoftBank Group
Hosjoy,U.S.-China Green Fund
Hosjoy,Founder H Fund
Hosjoy,Richland Equities
Huisuanzhang,IDG Capital
Huisuanzhang,Gaocheng Capital
Huisuanzhang,Chuanrong Capital
HuJiang,China Minsheng Investment
HuJiang,Baidu
HuJiang,Wanxin Media
Hyperchain,Yinhong Equity Investment Fund
Hyperchain,E Fund
Hyperchain,Ideal International
iTutorGroup,QiMing Venture Partners
iTutorGroup,Temasek Holdings
iTutorGroup,Silverlink Capital
JimuBox,Matrix Partners China
JimuBox,Ventech China
JimuBox,Shunwei Capital Partners
Juma Peisong,Ding Xiang Capital
Juma Peisong,New Hope Fund
Juma Peisong,Sino-Ocean Capital
Justworks,Index Ventures
Justworks,Thrive Capital
Justworks,Bain Capital Ventures
Keenon Robotics,Yunqi Partners
Keenon Robotics,SoftBank Group
Keenon Robotics,iVision Ventures
Kuaigou Dache,Sequoia Capital China
Kuaigou Dache,InnoVision Capital
Kuaigou Dache,Qianhai Fund of Funds
LifeMiles,Advent International
MobiKwik,Sequoia Capital India
MobiKwik,The Times Group
MobiKwik,GMO VenturePartners
Modernizing Medicine,Warburg Pincus
Modernizing Medicine,Summit Partners
Modernizing Medicine,Sands Capital
OVH,KKR
OVH,TowerBrook Capital Partners
Phenom People,Sierra Ventures
Phenom People,AXA Venture Partners
Phenom People,Sigma Prime Ventures
Pipa Coding,Source Code Capital
Pipa Coding,XVC Venture Capital
Pipa Coding,Hillhouse Capital Management
Qingting FM,China Culture Industrial Investment Fund
Qingting FM,We Capital
Qingting FM,China Minsheng Investment Group
Rad Power Bikes,Durable Capital Partners
Rad Power Bikes,Cercano Management
Rad Power Bikes,T. Rowe Price
Shukun Technology,Marathon Venture Partners
Shukun Technology,Huagai Capital
Shukun Technology,China Creation Ventures
Shulan Health,Qiming Venture Partners
SITECH DEV,China Prosperity Capital
Snapdeal,SoftBankGroup
Snapdeal,Blackrock
Snapdeal,Alibaba Group
SumUp,American Express Ventures
SumUp,Goldman Sachs
SumUp,Bain Capital Credit
TalkingData,N5 Capital
TalkingData,CR Capital Mgmt
TalkingData,JD Digits
TUNGEE,UNITY VENTURES
TUNGEE,Qiming Venture Partners
TUNGEE,GGV Capital
UISEE Technology,Shenzhen Capital Group
UISEE Technology,Robert Bosch Venture Capital
UISEE Technology,SeptWolves Ventures
Valgen Medtech,Sequoia Capital China
Valgen Medtech,China Life Investment Holding Company
Valgen Medtech,Qiming Venture Partners
Vectra Networks,IA Ventures
Vectra Networks,Khosla Ventures
Vectra Networks,AME Cloud Ventures
Venafi,Pelion Venture Partners
Venafi,Foundation Capital
Venafi,Thoma Bravo
Wacai,Qiming Venture Partners
Wacai,China Broadband Capital
Wacai,CDH Investments
WeBull,Bojiang Capital
WeBull,Hongdao Capital
WeBull,Mobai Capital
WTOIP,Dark Horse Technology Group
WTOIP,Hopu Investment Management
WTOIP,Kefa Capital
Xiaobing,NetEase Capital
Xiaobing,Northern Light Venture Capital
Xiaobing,Microsoft
Xiaoe Tech,GGV Capital
Xiaoe Tech,Hillhouse Capital Management
Xiaoe Tech,IDG Capital
Yiguo,Alibaba Group
Yiguo,KKR
Yiguo,Goldman Sachs
Yimidida,Source Code Capital
Yimidida,Global Logistic Properties
Yimidida,K2VC
Yipin Shengxian,Eastern Bell Capital
Yipin Shengxian,Capital Today
Yipin Shengxian,Longzhu Capital
Ynsect,Astanor Ventures
Ynsect,Upfront Ventures
Ynsect,IDInvest Partners
Hello TransTech,Ant Financial Services Group
Hello TransTech,GGV Capital
Miaoshou Doctor,Sequoia Capital China
Miaoshou Doctor,Qiming Venture Partners
Miaoshou Doctor,Tencent Holdings
ECARX,Geely
ECARX,SIG Asia Investments
ECARX,China State Capital Venture Capital Fund
Eat Just,Khosla Ventures
Eat Just,Horizons Ventures
Eat Just,Founders Fund
Trumid,T. Rowe Price
Trumid,Dragoneer Investment Group
Trumid,BlackRock
Qualia,8VC
Qualia,Menlo Ventures
Qualia,Tiger Global Management
Beisen,Matrix Partners China
Beisen,Sequoia Capital China
Beisen,Genesis Capital
Earnix,Jerusalem Venture Partners
Earnix,Israel Growth Partners
Earnix,Insight Partners
Kujiale,GGV Capital
Kujiale,IDG Capital
Kujiale,Linear Venture
Orca Security,YL Ventures
Orca Security,Redpoint Ventures
Orca Security,GGV Capital
Apus Group,Redpoint Ventures
Apus Group,QiMing Venture Partners
Apus Group,Chengwei Capital
Forte Labs,Iris Capital
Forte Labs,Accel
Forte Labs,Elaia Partners
CureFit,Chiratae Ventures
CureFit,Accel
CureFit,Kalaari Capital
DT Dream,Alibaba Group
DT Dream,China Everbright Investment Management
DT Dream,Yinxinggu Capital
fabric,Redpoint Ventures
fabric,Norwest Venture Partners
fabric,Sierra Ventures
JOLLY Information Technology,Legend Capital
JOLLY Information Technology,CDH Investments
JOLLY Information Technology,Sequoia Capital China
K Health,Max Ventures
K Health,Mangrove Capital Partners
K Health,14W
Mofang Living,Warburg Pincus
Mofang Living,Aviation Industry Corporation of China
Spendesk,Index Ventures
Spendesk,Eight Roads Ventures
Spendesk,General Atlantic
TaxBit,Insight Partners
TaxBit,Coinbase Ventures
TaxBit,PayPal Ventures
XiaoZhu,Morningside Ventures
XiaoZhu,Capital Today
XiaoZhu,JOY Capital
Yijiupi,Source Code Capital
Yijiupi,Meituan Dianping
Yijiupi,Tencent Holdings
YunQuNa,Source Code Capital
YunQuNa,Coatue Management
YunQuNa,DCM Ventures
Bordrin Motors,China Grand Prosperity Investment
Bordrin Motors,CSC Group
Aleo,Slow Ventures
Aleo,Andreessen Horowitz
Aleo,SoftBank Group
Coocaa,Baidu
Coocaa,Tencent Holdings
Gymshark,General Atlantic
M1 Finance,Left Lane Capital
M1 Finance,Clocktower Technology Ventures
M1 Finance,Jump Capital
Ouyeel,Taigang Venture Capital
SonderMind,Kickstart Fund
SonderMind,General Catalyst
SonderMind,Drive Capital
Astranis Space Technologies,Refactor Capital
Astranis Space Technologies,Andreessen Horowitz
Astranis Space Technologies,Fifty Years Fund
Away,Global Founders Capital
Away,Comcast Ventures
Away,Forerunner Ventures
Cabify,Seaya Ventures
Cabify,Otter Rock Capital
Cabify,Rakuten
Clarify Health,KKR
Clarify Health,Aspenwood Ventures
Clarify Health,Spark Capital
Coda,Greylock Partners
Coda,General Catalyst
Coda,Khosla Ventures
Deezer,Orange Digital Ventures
Deezer,Access Industries
Degreed,Signal Peak Ventures
Degreed,Owl Ventures
Degreed,Jump Capital
Deliverect,Newion Partners
Deliverect,SmartFin Capital
Deliverect,OMERS Ventures
Envoy,Andreessen Horowitz
Envoy,Initialized Capital
Envoy,TriplePoint Capital
Epidemic Sound,EQT Partners
Epidemic Sound,Blackstone
Figment,Bonfire Ventures
Figment,Two Sigma Ventures
Figment,FJ Labs
Firebolt,TLV Partners
Firebolt,Zeev Ventures
Firebolt,Bessemer Venture Partners
Five Star Business Finance,Sequoia Capital India
Five Star Business Finance,Tiger Global Management
Five Star Business Finance,Tencent
GupShup,Helion Venture Partners
GupShup,Tiger Global management
GupShup,CRV
Kong,New Enterprise Associates
Kong,CRV
Kong,Index Ventures
Koudai,New Enterprise Associates
Koudai,Tiger Global management
Koudai,Tencent
Panther Labs,Innovation Endeavors
Panther Labs,s28 Capital
Panther Labs,Lightspeed Venture Partners
Papa,Initialized Capital
Papa,Canaan Partners
Papa,Sound Ventures
Pristyn Care,Sequoia Capital India
Pristyn Care,Hummingbird Ventures
Pristyn Care,Epiq Capital
Rebel Foods,Sequoia Capital India
Rebel Foods,Lightbox Ventures
Rebel Foods,Coatue Management
Salt Security,Y Combinator
Salt Security,S Capital
Salt Security,Tenaya Capital
Scalable Capital,BlackRock
Scalable Capital,Tengelmann Ventures
Scalable Capital,Holtzbrinck Ventures
SparkCognition,March Capital Partners
SparkCognition,Temasek
SparkCognition,Doha Venture Capital
Stash,Goodwater Capital
Stash,Entree Capital
Stash,Valar Ventures
Symphony,BNP Paribas
Symphony,Goldman Sachs
Symphony,Google
Tripledot,Lightspeed Venture Partners
Tripledot,Access Industries
Tripledot,Eldridge
VideoAmp,Simon Equity Partners
VideoAmp,Wavemaker Partners
VideoAmp,Anthem Venture Partners
Yidian Zixun,Phoenix New Media
Yidian Zixun,Tianjin Haihe Industry Fund
Yotpo,Bessemer Venture Partners
Yotpo,Vintage Investment Partners
Yotpo,Blumberg Capital
Neon,Propel Venture Partners
Neon,Monashees+
Neon,BBVA
Veepee,Summit Partners
Veepee,Qatar Holding
Alloy,Bessemer Venture Partners
Alloy,Eniac Ventures
Alloy,Canapi Ventures
Epirus,8VC
Epirus,Bedrock Capital
Epirus,Broom Ventures
Klook,Sequoia Capital China
Klook,Goldman Sachs
Klook,Matrix Partners China
Yaoshibang,Green Pine Capital Partners
Yaoshibang,Ivy Capital
Yaoshibang,DCM Ventures
Signifyd,Menlo Ventures
Signifyd,Resolute Ventures
Signifyd,IA Ventures
Motorway,Marchmont Ventures
Motorway,BMW i Ventures
Motorway,Index Ventures
RIDI,Atinum Investment
RIDI,Company K Partners
RIDI,GIC
Athletic Greens,SC.Holdings
Athletic Greens,Not Boring Capital
Athletic Greens,Bolt Ventures
GPclub,Goldman Sachs
Grove Collaborative,MHS Capital
Grove Collaborative,NextView Ventures
Grove Collaborative,Mayfield Fund
Tongdun Technology,Advantech Capital
Tongdun Technology,Temasek Holdings Ltd.
Tongdun Technology,Tiantu Capital Co.
Unisound,Qiming Venture Partners
Unisound,China Internet Investment Fund
Unisound,Qualcomm Ventures
Betterment,Bessemer Venture Partners
Betterment,Menlo Ventures
Betterment,Anthermis
Cava Group,SWaN & Legend Ventures
Cava Group,Revolution Growth
Cava Group,Invus Group
CoinTracker,Initialized Capital
CoinTracker,General Catalyst
CoinTracker,Kraken Ventures
DistroKid,Insight Partners
DistroKid,Silversmith Capital Partners
DistroKid,Spotify
Domestika,Zeev Ventures
Domestika,GSV Ventures
Flock Freight,SignalFire
Flock Freight,GLP Capital Partners
Flock Freight,Google Ventures
InSightec,York Capital Management
InSightec,GE Healthcare
InSightec,Koch Disruptive Technologies
Island,Insight Partners
Island,Sequoia Capital
Island,Stripes Group
iTrustCapital,Left Lane Capital
iTrustCapital,Walden Venture Capital
Konfio,Kaszek Ventures
Konfio,QED Investors
Konfio,International Finance Corporation
LinkTree,AirTree Ventures
LinkTree,Insight Partners
LinkTree,Index Ventures
Loadsmart,Chromo Invest
Loadsmart,Maersk Growth
Loadsmart,BlackRock
Lukka,Liberty City Ventures
Lukka,Soros Fund Management
Lukka,Summer Capital
Manner,Coatue Management
Manner,H Capital
Manner,Capital Today
The Brandtech Group,Undisclosed
TravelPerk,LocalGlobe
TravelPerk,Kinnevik
TravelPerk,Felix Capital
YugaByte,Lightspeed Venture Partners
YugaByte,Dell Technologies Capital
YugaByte,Wipro Ventures
Intercom,FirstMark Capital
Intercom,Tiger Global Management
OVO Energy,Mitsubishi Corporation
OVO Energy,Mayfair Equity Partners
BigID,BOLDstart Ventures
BigID,SAP.iO Fund
BigID,Scale Venture Partners
CaptivateIQ,Sequoia Capital
CaptivateIQ,Y Combinator
CaptivateIQ,Accel
Flipdish,Tencent Holdings
Flipdish,Tiger Global Management
Flipdish,Global Founders Capital
Honor Technology,Andreessen Horowitz
Honor Technology,Prosus Ventures
Honor Technology,Thrive Capital
Incode Technologies,Dila Capital
Incode Technologies,Framework Ventures
Incode Technologies,3L
Kuaikan Manhua,Sequoia Capital China
Kuaikan Manhua,CMC Capital Partners
Kuaikan Manhua,Tencent Holdings
Marshmallow,Passion Capital
Marshmallow,Hedosophia
Marshmallow,Outrun Ventures
Mythical Games,Javelin Venture Partners
Mythical Games,Struck Capital
Mythical Games,Alumni Ventures Group
Route,Madrona Venture Group
Route,Banner Ventures
Route,FJ Labs
Tackle.io,Andreessen Horowitz
Tackle.io,Bessemer Venture Partners
Tackle.io,Coatue Management
Nexii,Trane Technologies
Nexii,Honeywell
GalaxySpace,Shunwei Capital Partners
GalaxySpace,5Y Capital
GalaxySpace,Legend Capital
Insider,Wamda Capital
Insider,Endeavor
Insider,Riverwood Capital
Spiber,Cool Japan Fund
Spiber,JAFCO
Spiber,The Carlyle Group
Ada Support,Version One Ventures
Ada Support,Bessemer Venture Partners
Ada Support,FirstMark Capital
AgentSync,Craft Ventures
AgentSync,Caffeinated Capital
AgentSync,Operator Collective
Alation,Costanoa Ventures
Alation,Data Collective
Alation,Salesforce Ventures
BigPanda,Advent International
BigPanda,Battery Ventures
BigPanda,Sequoia Capital Israel
CarDekho,Sequoia Capital India
CarDekho,Hillhouse Capital Management
CarDekho,Sunley House Capital Management
Copado,Insight Partners
Copado,Salesforce Ventures
Copado,Perpetual Investors
DailyPay,RPM Ventures
DailyPay,Inspiration Ventures
DailyPay,Carrick Capital Partners
FloQast,Polaris Partners
FloQast,Insight Partners
FloQast,Norwest Venture Partners
Gem,Accel
Gem,Greylock Partners
Gem,Meritech Capital Partners
GrubMarket,GGV Capital
GrubMarket,BlackRock
GrubMarket,ACE & Company
Helium Systems,FirstMark Capital
Helium Systems,Tiger Global Management
Helium Systems,FTX Venture
Inari,Flagship Pioneering
Inari,Alexandria Venture Investments
Inari,Investment Corporation of Dubai
Jokr,GGV Capital
Jokr,Tiger Global Management
Jokr,Greycroft
LivSpace,Jungle Ventures
LivSpace,Helion Venture Partners
LivSpace,INGKA Investments
Merama,SoftBank Latin America Fund
Merama,Advent International
Merama,Balderton Capital
MindTickle,Qualcomm Ventures
MindTickle,Accel
MindTickle,Canaan Partners
MyGlamm,L'Occitane
MyGlamm,Trifecta Capital
MyGlamm,Bessemer Venture Partners
Oda,Kinnevik
Oda,Softbank Group
Oda,Prosus Ventures
Offchain Labs,Pantera Capital
Offchain Labs,Polychain Capital
Offchain Labs,Lightspeed Venture Partners
Phantom,Paradigm
Phantom,Andreessen Horowitz
Phantom,Jump Capital
Pilot.com,Index Ventures
Pilot.com,Sequoia Capital
Pilot.com,Bezos Expeditions
Prime Medicine,Newpath Partners
Prime Medicine,Google Ventures
Prime Medicine,F-Prime Capital
Public,Accel
Public,Greycroft
Public,Advancit Capital
Qumulo,Madrona Venture Group
Qumulo,Kleiner Perkins Caufield & Byers
Qumulo,Highland Capital Partners
Rohlik,Partech Partners
Rohlik,Index Ventures
Rohlik,Quadrille Capital
SeekOut,Mayfield
SeekOut,Madrona Venture Group
SeekOut,Tiger Global Management
SmartMore,IDG Capital
SmartMore,ZhenFund
SmartMore,Sequoia Capital China
Tealium,Georgian Partners
Tealium,Silver Lake
Tealium,Presidio Ventures
UpGrad,Qualcomm Ventures
UpGrad,Accel
UpGrad,Canaan Partners
Workhuman,ICG
Xpressbees,Norwest Venture Partners
Xpressbees,Investcorp
Xpressbees,Blackstone
L&P Cosmetic,CDIB Capital
Mininglamp Technology,Russia-China Investment Fund
Mininglamp Technology,Tencent Holdings
Mininglamp Technology,Sequoia Capital China
Luoji Siwei,Sequoia Capital China
Luoji Siwei,Qiming Venture Partners
Luoji Siwei,Tencent Holdings
IRL,Goodwater Capital
IRL,Floodgate
IRL,Founders Fund
Modern Health,Kleiner Perkins Caufield & Byers
Modern Health,Afore Capital
Modern Health,Founders Fund
Tuhu,Qiming Venture Partners
Tuhu,Yaxia Automobile
Tuhu,Far East Horizon
CloudBees,Matrix Partners
CloudBees,Lightspeed Venture Partners
CloudBees,Verizon Ventures
Elemy,General Catalyst
Elemy,Bling Capital
Elemy,Felicis Ventures
Guideline,Pelion Venture Partners
Guideline,Foundation Capital
Guideline,Thoma Bravo
Happy Money,FirstMark Capital
Happy Money,Anthemis
Happy Money,CMFG Ventures
Rebellion Defense,Venrock
Rebellion Defense,Innovation Endeavors
Rebellion Defense,Insights Partners
STORD,Dynamo VC
STORD,Susa Ventures
STORD,Founders Fund
At-Bay,Lightspeed Venture Partners
At-Bay,Khosla Ventures
At-Bay,Munich Re Ventures
TELD,China Reform Fund
TELD,Gaopeng Capital
TELD,Jinhui Xingye
Acko General Insurance,Intact Ventures
Acko General Insurance,Munich Re Ventures
Acko General Insurance,General Atlantic
apna,Sequoia Capital India
apna,Rocketship.vc
apna,Lightspeed India Partners
Beyond Identity,New Enterprise Associates
Beyond Identity,Koch Disruptive Technologies
Beyond Identity,Evolution Equity Partners
Carousell,500 Global
Carousell,Rakuten Ventures
Carousell,Golden Gate Ventures
Chief,General Catalyst
Chief,Inspired Capital
Chief,Flybridge Capital Partners
CoinDCX,Polychain Capital
CoinDCX,Coinbase Ventures
CoinDCX,Jump Capital
Daily Harvest,M13
Daily Harvest,Lightspeed Venture Partners
Daily Harvest,Lone Pine Capital
Enpal,HV Capital
Enpal,Softbank Group
Enpal,BlackRock
eSentire,Edison Partners
eSentire,Georgian Partners
eSentire,VentureLink
Firefly Aerospace,XBTO Ventures
Firefly Aerospace,Raven One Ventures
Firefly Aerospace,SK Ventures
Fundbox,Khosla Ventures
Fundbox,General Catalyst
Fundbox,Blumberg Capital
G2,Pritzker Group Venture Capital
G2,Accel
G2,Hyde Park Venture Partners
Gaussian Robotics,BlueRun Ventures
Gaussian Robotics,Grand Flight Investment
Gaussian Robotics,Meituan Dianping
GetYourGuide,Spark Capital
GetYourGuide,Highland Europe
GetYourGuide,Sunstone Capital
GlobalBees,Chiratae Ventures
GlobalBees,SoftBank Group
GlobalBees,Trifecta Capital
Ivalua,Ardian
Ivalua,Tiger Global Management
Ivalua,KKR
Juanpi,Tiantu Capital
Juanpi,SAIF Partners China
Juanpi,Newsion Venture Capital
Karat,8VC
Karat,Norwest Venture Partners
Karat,Tiger Global Management
LEAD School,WestBridge Capital
LEAD School,GSV Ventures
LEAD School,Elevar Equity
Nexthink,Auriga
Nexthink,Galeo Ventures
Nexthink,Highland Europe
People.ai,GGV Capital
People.ai,Lightspeed Venture Partners
People.ai,ICONIQ Capital
Pharmapacks,The Carlyle Group
Rightway,Thrive Capital
Rightway,Khosla Ventures
Rightway,Tiger Global Management
Sennder,Accelm Scania Growth Capital
Sennder,Lakestar
Sisense,Opus Capital
Sisense,Genesis Partners
Sisense,Battery Ventures
Staffbase,Insight Partners
Staffbase,e.ventures
Staffbase,General Atlantic
Sunbit,Zeev Ventures
Sunbit,Group11
Sunbit,Chicago Ventures
TangoMe,Draper Fisher Jurtson
TangoMe,Qualcomm Ventures
TangoMe,Alibaba Group
The Bank of London,Mangrove Capital Partners
The Bank of London,14W
The Bank of London,ForgeLight
Zego,LocalGlobe
Zego,Balderton Capital
Zego,Target Global
Nxin,Beijing Juneng Hesheng Industry Investment Fund
Nxin,Beijing Shuju Xinrong Fund
Mamaearth,Fireside Ventures
Mamaearth,Sequoia Capital India
Mamaearth,Stellaris Venture Partners
Radius Payment Solutions,Inflexion Private Equity
Rivigo,SAIF Partners India
Rivigo,Warburg Pincus
Rivigo,Trifecta Capital Advisors
Rubicon,Goldman Sachs
Rubicon,Leonardo DiCaprio
Rubicon,Promecap
Socar,Bain Capital
Socar,Altos Ventures
Socar,Songhyun Investment
MobileCoin,General Catalyst
MobileCoin,Future Ventures
MobileCoin,AU21
Density,Founders Fund
Density,Upfront Ventures
Density,01 Advisors
Instabase,New Enterprise Associates
Instabase,Greylock Partners
Instabase,Andreessen Horowitz
Jiuxian,Sequoia Capital China
Jiuxian,Rich Land Capital
Jiuxian,Merrysunny Wealth
Matrixport,Dragonfly Captial
Matrixport,Qiming Venture Partners
Matrixport,DST Global
Mixpanel,Bain Capital Tech Opportunities
Mixpanel,Andreessen Horowitz
Mixpanel,Sequoia Capital
Sendbird,FundersClub
Sendbird,Y Combinator
Sendbird,Tiger Global Management
OrCam Technologies,Intel Capital
OrCam Technologies,Aviv Venture Capital
Leap Motor,Sequoia Capital China
Leap Motor,Gopher Asset Management
Leap Motor,Shanghai Electric Group
1KMXC,Goldman Sachs Asset Management
1KMXC,SDP Investment
1KMXC,Alibaba Group
58 Daojia,KKR
58 Daojia,Alibaba Group
58 Daojia,Ping An Insurance
Agile Robots,Hillhouse Capital Management
Agile Robots,Sequoia Capital China
Agile Robots,Linear Venture
Aibee,Sequoia Capital China
Aibee,Lenovo Capital and Incubator
Aibee,Group GSR Ventures
Aircall,Balderton Capital
Aircall,Next World Capital
Aircall,Draper Esprit
Ajaib,Softbank Ventures Asia
Ajaib,Alpha JWC Ventures
Ajaib,Insignia Ventures Partners
Alto Pharmacy,Jackson Square Ventures
Alto Pharmacy,Greenoaks Capital Management
Alto Pharmacy,Softbank Group
Amagi,Mayfield
Amagi,Accel
Amagi,Norwest Venture Partners
Amount,Invus Group
Amount,Hanaco Venture Capital
Amount,WestCap Group
Amperity,Madrona Venture Group
Amperity,Tiger Global Management
Amperity,Madera Technology Partners
Anyscale,Andreessen Horowitz
Anyscale,Intel Capital
Anyscale,Foundation Capital
Aptos,Andreessen Horowitz
Aptos,Coinbase Ventures
Aptos,Tiger Global Management
Aqua Security,TLV Partners
Aqua Security,Lightspeed Venture Partners
Aqua Security,M12
Assembly,Advent International
Assembly,PSG
Assembly,Providence Equity Partners
Assent,Vista Equity Partners
Assent,Warburg Pincus
Assent,First Ascent Ventures
Augury,Lerer Hippeau
Augury,Munich Re Ventures
Augury,Eclipse Ventures
Axelar,Lemniscap VC
Axelar,North Island Ventures
Axelar,Polychain Capital
Axiom Space,C5 Capital
Axiom Space,Hemisphere Ventures
Axiom Space,The Venture Collective
Banma Network Technologies,Yunfeng Capital
Banma Network Technologies,SDIC Innovation Investment Management
Banma Network Technologies,Shang Qi Capital
BeiBei,Banyan Capital
BeiBei,New Horizon Capital
BeiBei,IDG Capital Partners
BenevolentAI,Woodford Investment Management
Berlin Brands Group,Ardian
Berlin Brands Group,Bain Capital
Betterfly,QED Investors
Betterfly,DST Global
Betterfly,Endeavor
BitFury,Georgian Co-Investment Fund
BitFury,iTech Capital
BitFury,Galaxy Digital
BlackBuck,Accel
BlackBuck,Sands Capital
BlackBuck,International Finance Corporation
Bluecore,FirstMark Capital
Bluecore,Georgian Partners
Bluecore,Norwest Venture Partners
BlueVoyant,8VC
BlueVoyant,Liberty Strategic Capital
BlueVoyant,Eden Global Partners
bolttech,Mundi Ventures
bolttech,Doqling Capital Partners
bolttech,Activant Capital
Boom Supersonic,WRVI Capital
Boom Supersonic,Caffeinated Capital
Boom Supersonic,Y Combinator
Bringg,Salesforce Ventures
Bringg,next47
Bringg,Pereg Ventures
C2FO,Union Square Ventures
C2FO,Summerhill Venture Partners
C2FO,Mithril Capital Management
Cadence,Thrive Capital
Cadence,General Catalyst
Cadence,Coatue Management
CAIS,Franklin Templeton
CAIS,Motive Partners
CAIS,Apollo Global Management
Cameo,Lightspeed Venture Partners
Cameo,Kleiner Perkins Caufield & Byers
Cameo,Origin Ventures
Capsule,Thrive Capital
Capsule,Durable Capital Partners
Capsule,G Squared
CargoX,Valor Capital Group
CargoX,Lightrock
CargoX,Softbank Group
Carro,SingTel Innov8
Carro,Alpha JWC Ventures
Carro,Golden Gate Ventures
Carson Group,Bain Capital
CHEQ,Battery Ventures
CHEQ,Tiger Global Management
CHEQ,Hanaco Ventures
Chronosphere,Greylock Partners
Chronosphere,Lux Capital
Chronosphere,General Atlantic
Cider,Andreessen Horowitz
Cider,DST Global
Cider,IDG Capital
Clara,DST Global
Clara,General Catalyst
Clara,Monashees+
Clearcover,American Family Ventures
Clearcover,Cox Enterprises
Clearcover,OMERS Ventures
CommerceIQ,Trinity Ventures
CommerceIQ,Madrona Venture Group
CommerceIQ,Shasta Ventures
Contrast Security,Acero Capital
Contrast Security,General Catalyst
Contrast Security,M12
Darwinbox,Lightspeed India Partners
Darwinbox,Sequoia Capital India
Darwinbox,Endiya Partners
Dental Monitoring,Vitruvian Partners
Dental Monitoring,Merieux Equity Partners
Dental Monitoring,Straumann
DianRong,Standard Chartered
DianRong,FinSight Ventures
DianRong,Affirma Capital
Drata,Cowboy Ventures
Drata,Leaders Fund
Drata,GGV Capital
DriveNets,Bessemer Venture Partners
DriveNets,Pitango Venture Capital
DriveNets,D1 Capital Partners
Dune Analytics,Multicoin Capital
Dune Analytics,Coatue Management
Dune Analytics,Dragonfly Capital Partners
Dxy.cn,Tencent Holdings
Dxy.cn,DCM Ventures
EBANX,FTV Capital
EBANX,Endeavor
EcoFlow,Delian Capital
EcoFlow,China International Capital Corporation
EcoFlow,Sequoia Capital China
Electric,Primary Venture Partners
Electric,Bessemer Venture Partners
Electric,Harmonic Growth Partners
Emerging Markets Property Group,OLX Group
Emerging Markets Property Group,KCK Group
Emerging Markets Property Group,EXOR Seeds
Esusu,Next Play Ventures
Esusu,Zeal Capital Partners
Esusu,SoftBank Group
Evidation,B Capital Group
Evidation,GE Ventures
Evidation,McKesson Ventures
Expel,Paladin Capital Group
Expel,Greycroft
Expel,Scale Venture Partners
Fabric,Innovation Endeavors
Fabric,Aleph
Fabric,Temasek
Feedzai,Global Founders Capital
Feedzai,Shea Ventures
Feedzai,Greycroft
Fever Labs,Accel
Fever Labs,14W
Fever Labs,GS Growth
Fiture,Bertelsmann Asia Investments
Fiture,Sequoia Capital China
Fiture,NIO Capital
FLASH,L Catterton
FLASH,Trellis Partners
FLASH,Vista Equity Partners
Flash Express,SCB 10X
Flash Express,Krungsri Finnovate
Flash Express,eWTP Capital
FlashEx,Prometheus Capital
FlashEx,Matrix Partners China
FlashEx,JD Capital Management
Fractal Analytics,TPG Capital
Fractal Analytics,Apax Partners
Fractal Analytics,TA Associates
Freshbooks,Accomplice
Freshbooks,Oak Investment Partners
Freshbooks,Georgian Partners
FXiaoKe,IDG Capital
FXiaoKe,Northern Light Venture Capital
FXiaoKe,DCM Ventures
Gauntlet Networks,Polychain Capital
Gauntlet Networks,Paradigm
Gauntlet Networks,Ribbit Capital
Geek+,Volcanics Ventures
Geek+,Vertex Ventures China
Geek+,Warburg Pincus
Gelato,Greylock Partners
Gelato,Google Ventures
Gelato,BlackRock
Glia,Wildcat Capital Management
Glia,Insight Partners
Glia,Tola Capital
GO1,Y Combinator
GO1,M12
GO1,SEEK
Groq,TDK Ventures
Groq,Social Capital
Groq,D1 Capital Partners
Hailo,Glory Ventures
Hailo,Maniv Mobility
Haomao.AI,Qualcomm Ventures
Haomao.AI,Nine Intelligence Capital
Haomao.AI,Hillhouse Capital Management
Hasura,Nexus Venture Partners
Hasura,Vertex Ventures
Hasura,STRIVE
HAYDON,Tencent Holdings
HAYDON,Hillhouse Capital Management
Heyday,Khosla Ventures
Heyday,General Catalyst
Heyday,Victory Park Capital
HMD Global,Ginko Ventures
Hotmart,Technology Crossover Ventures
Hotmart,Alkeon Capital Management
Hotmart,General Atlantic
Huike Group,Fosun RZ Capital
Huike Group,Oceanwide Holdings
Huike Group,Shenzhen Qianhe Capital Management Co.
Human Interest,Wing Venture Capital
Human Interest,Slow Ventures
Human Interest,Uncork Capital
Ibotta,Koch Disruptive Technologies
Ibotta,Teamworthy Ventures
Ibotta,GGV Capital
iCarbonX,Tencent
iCarbonX,Vcanbio
iFood,Movile
iFood,Just Eat
iFood,Naspers
InFarm,Atomico
InFarm,Hanaco Venture Capital
InFarm,TriplePoint Capital
Infobip,One Equity Partners
Injective Protocol,Pantera Capital
Injective Protocol,Cadenza Ventures
Injective Protocol,BlockTower Capital
Intellifusion,BOC International
Intellifusion,TopoScend Capital
Intellifusion,Hongxiu VC
Interos,Kleiner Perkins Caufield & Byers
Interos,NightDragon Security
Interos,Venrock
Iodine Software,Advent International
Iodine Software,Bain Capital Ventures
Iodine Software,Silversmith Capital Partners
JoyTunes,Genesis Partners
JoyTunes,Aleph
JoyTunes,Insight Partners
Kendra Scott,Berkshire Partners
Kendra Scott,Norwest Venture Partners
Kitopi,CE-Ventures
Kitopi,BECO Capital
Kitopi,Nordstar
KnowBox,TAL Education Group
KnowBox,Legend Star
KnowBox,Alibaba Group
Kopi Kenangan,Horizons Ventures
Kopi Kenangan,Sequoia Capital India
Kopi Kenangan,Alpha JWC Ventures
Lamabang,5Y Capital
Lamabang,Matrix Partners China
Lamabang,K2VC
LayerZero Labs,Andreessen Horowitz
LayerZero Labs,FTX Ventures
LayerZero Labs,Tiger Global Management
Lessen,Khosla Ventures
Lessen,General Catalyst
Lessen,Navitas Capital
LetsGetChecked,Optum Ventures
LetsGetChecked,Qiming Venture Partners
LetsGetChecked,Transformation Capital
Licious,3one4 Capital Partners
Licious,Bertelsmann India Investments
Licious,Vertex Ventures SE Asia
LinkDoc Technology,China Investment Corporation
LinkDoc Technology,New Enterprise Associates
Locus Robotics,Scale Venture Partners
Locus Robotics,Bond
Locus Robotics,Tiger Global Management
Lookout,Accel Partners
Lookout,Greylock Partners
Lookout,Lowercase Capital
Lydia,NewAlpha
Lydia,XAnge Private Equity
Lydia,Tencent Holdings
MadeiraMadeira,Flybridge Capital Partners
MadeiraMadeira,SoftBank Group
MadeiraMadeira,Monashees+
Maimai,Morningside Venture Capital
Maimai,IDG Capital
Maimai,DCM Ventures
Mammoth Biosciences,NFX
Mammoth Biosciences,Plum Alley
Mammoth Biosciences,Mayfield
Masterworks,Left Lane Capital
Masterworks,Galaxy Interactive
Masterworks,Tru Arrow Partners
Maven Clinic,Female Founders Fund
Maven Clinic,Oak HC/FT Partners
Maven Clinic,Sequoia Capital
MediaMath,Silicon Valley Bank
MediaMath,QED Investors
MediaMath,European Founders Fund
Meero,Aglae Ventures
Meero,Global Founders Capital
Meero,Alven Capital
Mensa Brands,Accel
Mensa Brands,Falcon Edge Capital
Mensa Brands,Norwest Venture Partners
Mia.com,Sequoia Capital China
Mia.com,ZhenFund
Mia.com,K2 Ventures
Minio,General Catalyst
Minio,Nexus Venture Partners
Minio,Dell Technologies Capital
Mobvoi,Sequoia Capital China
Mobvoi,SIG Asia Investments
Mobvoi,ZhenFund
Moka,GGV Capital
Moka,GSR Ventures
Moka,FreesFund
Momenta,Sinovation Ventures
Momenta,Tencent Holdings
Momenta,Sequoia Capital China
Morning Consult,Advance Venture Partners
Morning Consult,Susquehanna Growth Equity
Morning Consult,Lupa Systems
Movile,Innova Capital - FIP
Movile,3G Capital Management
Movile,Prosus Ventures
Mux,Accel
Mux,Cobalt Capital
Mux,Andreessen Horowitz
Nature's Fynd,Danone Manifesto Ventures
Nature's Fynd,1955 Capital
Nature's Fynd,Breakthrough Energy Ventures
Newlink Group,JOY Capital
Newlink Group,NIO Capital
Newlink Group,Blueflame Capital
News Break,IDG Capital
News Break,Francisco Partners
News Break,ZhenFund
Newsela,Owl Ventures
Newsela,Technology Crossover Ventures
Newsela,Tao Capital Partners
NIUM,Vertex Ventures SE Asia
NIUM,Global Founders Capital
NIUM,Visa Ventures
NoBroker,General Atlantic
NoBroker,Elevation Capital
NoBroker,BEENEXT
Noname Security,Insight Partners
Noname Security,Lightspeed Venture Partners
Noname Security,CyberStarts
Numbrs,Investment Corporation of Dubai
Numbrs,Centralway
Omada Health,U.S. Venture Partners
Omada Health,dRx Capital
Omada Health,Andreessen Horowitz
Omio,Lakestar
Omio,Battery Ventures
Omio,New Enterprise Associates
ONE,Temasek
ONE,Guggenheim Investments
ONE,Qatar Investment Authority
OpenWeb,Insight Partners
OpenWeb,AltaIR Capital
OpenWeb,Norma Investments
Orbbec Technology,R-Z Capital
Orbbec Technology,Green Pine Capital Partners
Orbbec Technology,SAIF Partners China
Orca Bio,Lightspeed Venture Partners
Orca Bio,Data Collective
Orca Bio,8VC
Orchard,Accomplice
Orchard,Juxtapose
Orchard,FirstMark Capital
Owkin,Google Ventures
Owkin,Cathay Innovation
Owkin,NJF Capital
PandaDoc,Rembrandt Venture Partners
PandaDoc,M12
PandaDoc,Altos Ventures
Pat McGrath Labs,One Luxury Group
Pat McGrath Labs,Eurazeo
PatSnap,Sequoia Capital China
PatSnap,Shunwei Capital Partners
PatSnap,Qualgro
Payhawk,Earlybird Venture Capital
Payhawk,Eleven Ventures
Payhawk,QED Investors
Pentera,AWZ Ventures
Pentera,Blackstone
Pentera,Insight Partners
Pet Circle,Prysm Capital
Pet Circle,Baillie Gifford & Co.
Pet Circle,TDM Growth Partners
PicsArt,Sequoia Capital
PicsArt,DCM Ventures
PicsArt,Insight Partners
PLACE,Goldman Sachs Asset Management
PLACE,3L
Placer.ai,Fifth Wall Ventures
Placer.ai,JBV Capital
Placer.ai,Array Ventures
Playco,Sozo Ventures
Playco,Caffeinated Capital
Playco,Sequoia Capital
Poizon,DST Global
Poizon,Sequoia Capital China
Poizon,Gaorong Capital
PPRO,Wellington Management
PPRO,Eurazeo
PPRO,Citi Ventures
Printful,Bregal Sagemount
Quantum Metric,Insight Partners
Quantum Metric,Bain Capital Ventures
Quizlet,Union Square Ventures
Quizlet,Altos Ventures
Quizlet,Costanoa Ventures
RapidAPI,Green Bay Ventures
RapidAPI,M12
RapidAPI,Andreessen Horowitz
Razor,Global Founders Capital
Razor,468 Capital
Razor,Redalpine Venture Partners
Red Ventures,Silver Lake Partners
Red Ventures,General Atlantic
REEF Technology,Target Global
REEF Technology,UBS Asset Management
REEF Technology,Mubadala Capital
ReliaQuest,KKR
ReliaQuest,FTV Capital
ReliaQuest,Ten Eleven Ventures
Revolution Precrafted,K2 Global
Revolution Precrafted,500 Startups
Rothy's,Alpargatas
Rothy's,GS Growth
Rothy's,Lightspeed Venture Partners
SaltPay,Tiger Global Management
SaltPay,Hedosophia
Savage X Fenty,Speedinvest
Savage X Fenty,Valar Ventures
Savage X Fenty,Uniqa Ventures
Scalapay,Fasanara Capital
Scalapay,Tiger Global Management
Scalapay,Baleen Capital
Scandit,Atomico
Scandit,NGP Capital
Scandit,Google Ventures
Sentry,New Enterprise Associates
Sentry,Accel
Sentry,Bond
Shield AI,Andreessen Horowitz
Shield AI,Homebrew
Shield AI,Point72 Ventures
Shift Technology,Griffin Gaming Partners
Shift Technology,Andreessen Horowitz
Shift Technology,Battery Ventures
ShipBob,Hyde Park Venture Partners
ShipBob,FundersClub
ShipBob,Bain Capital Ventures
Shippo,Version One Ventures
Shippo,Uncork Capital
Shippo,Bessemer Venture Partners
Sidecar Health,GreatPoint Ventures
Sidecar Health,Tiger Global Management
Sidecar Health,Menlo Ventures
Sift,Union Square Ventures
Sift,Insight Partners
Sift,Spark Capital
Skydio,Andreessen Horowitz
Skydio,Andreessen Horowitz
Skydio,Institutional Venture Partners
Skydio,Accel
Slice,Gunosy Capital
Slice,Blume Ventures
Slice,Das Capital
SmartAsset,Javelin Venture Partners
SmartAsset,TTV Capital
SmartAsset,Peterson Ventures
SMS Assist,Goldman Sachs
SMS Assist,Insights Venture Partners
SMS Assist,Pritzker Group Venture Capital
SnapLogic,Andreessen Horowitz
SnapLogic,Triangle Peak Partners
SnapLogic,Ignition Partners
Snorkel AI,Greylock Partners
Snorkel AI,Google Ventures
Snorkel AI,BlackRock
Solo.io,True Ventures
Solo.io,Altimeter Capital
Solo.io,Redpoint Ventures
SoundHound,Tencent Holdings
SoundHound,Walden Venture Capital
SoundHound,Global Catalyst Partnera
Splashtop,Storm Ventures
Splashtop,DFJ DragonFund
Splashtop,New Enterprise Associates
Standard,CRV
Standard,Y Combinator
Standard,Initialized Capital
Stytch,Index Ventures
Stytch,Benchmark
Stytch,Thrive Capital
Swile,Index Ventures
Swile,IDInvest Partners
Swile,Daphni
Tarana Wireless,Prime Movers Lab
Tarana Wireless,Khosla Ventures
Tarana Wireless,I Squared Capital
TechStyle Fashion Group,Matrix Partners
TechStyle Fashion Group,Passport Capital
TechStyle Fashion Group,Rho Ventures
TensTorrent,Eclipse Ventures
TensTorrent,Fidelity Investments
TensTorrent,Moore Capital Management
TERMINUS Technology,China Everbright Limited
TERMINUS Technology,IDG Capital
TERMINUS Technology,iFLYTEK
Tezign,Sequoia Capital China
Tezign,Linear Venture
Tezign,Hearst Ventures
The Zebra,Silverton Partners
The Zebra,Accel
The Zebra,Ballast Point Ventures
Thirty Madison,Northzone Ventures
Thirty Madison,Maveron
Thirty Madison,Johnson & Johnson Innovation
Thought Machine,British Patient Capital
Thought Machine,SEB Venture Capital
Thought Machine,IQ Capital
Timescale,New Enterprise Associates
Timescale,Benchmark
Timescale,Two Sigma Ventures
Tractable,Insight Partners
Tractable,Ignition Partners
Tractable,Georgian Partners
Tresata,GCP Capital Partners
TrialSpark,Sequoia Capital
TrialSpark,Thrive Capital
TrialSpark,Sound Ventures
TrueLayer,Anthemis
TrueLayer,Connect Ventures
TrueLayer,Northzone Ventures
Unico,Big Bets
Unico,General Atlantic
Unico,SOFTBANK Latin America Ventures
Vagaro,FTV Capital
Vedantu,Accel
Vedantu,Tiger Global Management
Vedantu,Omidyar Network
Veev,Zeev Ventures
Veev,Bond
Veev,Fifth Wall Ventures
Vise,Sequoia Capital
Vise,Founders Fund
Vise,Bling Capital
Visier,Foundation Capital
Visier,Summit Partners
Visier,Adams Street Partners
VOI,Vostok New Ventures
VOI,The Raine Group
VOI,Balderton Capital
Vox Media,Accel Partners
Vox Media,Comcast Ventures
Vox Media,General Atlantic
VTS,Trinity Ventures
VTS,Fifth Wall Ventures
VTS,OpenView Venture Partners
Watershed,Kleiner Perkins Caufield & Byers
Watershed,Sequoia Capital
Weights & Biases,Coatue Management
Weights & Biases,Insight Partners
Weights & Biases,Trinity Ventures
WeLab,Sequoia Capital China
WeLab,ING
WeLab,Alibaba Entrepreneurs Fund
Womai,SAIF Partners China
Womai,Baidu
Womai,IDG Capital
Wrapbook,Equal Ventures
Wrapbook,Uncork Capital
Wrapbook,Andreessen Horowitz
Xendit,Accel
Xendit,Y Combinator
Xendit,Amasia
XForcePlus,Eastern Bell Capital
XForcePlus,Danhua Capital
XForcePlus,MSA Capital
YH Global,Co-Energy Finance
YH Global,Grandland
YipitData,RRE Ventures+
YipitData,Highland Capital Partners
YipitData,The Carlyle Group
Yunxuetang,Matrix Partners China
Yunxuetang,Sequoia Capital China
Yunxuetang,Hundreds Capital
Zhaogang,K2 Ventures
Zhaogang,Matrix Partners China
Zhaogang,IDG Capital
Zhuan Zhuan,58.com
Zhuan Zhuan,Tencent Holdings
Zihaiguo,Xingwang Investment Management
Zihaiguo,China Capital Investment Group
Zihaiguo,Matrix Partners China
Zopa,IAG Capital Partners
Zopa,Augmentum Fintech
Zopa,Northzone Ventures
Zwift,Novator Partners
Zwift,True
Zwift,Causeway Media Partners
